subject_id,visit_name,ae_term,ae_start_date,ae_end_date,ae_ongoing,ae_seriousness,ae_severity,ae_relationship,ae_action,ae_outcome,ae_comments
ONC-0011,,Injection Site Reaction,2025-12-01,2026-04-23,No,Non-Serious,Mild,Possibly Related,Other,Recovered/Resolved,
ONC-0011,,Abdominal Pain,2026-06-02,2026-06-10,No,Non-Serious,Mild,Not Related,,Recovered/Resolved,
ONC-0015,,Headache,2026-09-30,2026-10-12,No,Serious,Mild,Unlikely Related,,Unknown,
ONC-0017,,Injection Site Reaction,2026-07-16,2026-07-19,No,Non-Serious,Mild,Possibly Related,,Recovered/Resolved,
ONC-0018,,Abdominal Pain,2026-08-24,,Yes,Non-Serious,Moderate,Unlikely Related,,Recovering/Resolving,
ONC-0030,,Diarrhea,2026-03-12,,Yes,Non-Serious,Mild,Not Related,,Recovering/Resolving,
ONC-0032,,Fatigue,2026-02-02,,Yes,Non-Serious,Mild,Unlikely Related,,Recovering/Resolving,
ONC-0034,,Hypoglycemia,2026-05-12,,Yes,Non-Serious,Moderate,Probably Related,,Recovering/Resolving,
ONC-0034,,Hypoglycemia,2026-04-20,2026-04-28,No,Non-Serious,Moderate,Not Related,,Unknown,
ONC-0046,,Injection Site Reaction,2026-07-18,2026-07-29,No,Non-Serious,Mild,Unlikely Related,Dose Not Changed,Recovered/Resolved,
ONC-0052,,Hypoglycemia,2026-09-02,2026-09-07,No,Non-Serious,Moderate,Unlikely Related,Drug Interrupted,Unknown,
ONC-0052,,Abdominal Pain,2026-09-06,2026-09-07,No,Non-Serious,Mild,Not Related,Dose Not Changed,Recovered/Resolved,
ONC-0054,,Injection Site Reaction,2026-04-07,,Yes,Non-Serious,Moderate,Not Related,,Recovering/Resolving,
ONC-0058,,Upper Respiratory Tract Infection,2026-09-11,2026-09-20,No,Non-Serious,Moderate,Not Related,Drug Withdrawn,Unknown,
ONC-0070,,Upper Respiratory Tract Infection,2026-07-14,2026-07-15,No,Non-Serious,Mild,Possibly Related,,Recovered/Resolved,
ONC-0078,,Diarrhea,2026-03-05,2026-03-15,No,Non-Serious,Moderate,Unlikely Related,Dose Reduced,Recovered/Resolved,
ONC-0083,,Fatigue,2026-08-04,2026-08-06,No,Non-Serious,Moderate,Probably Related,,Recovered/Resolved,
ONC-0085,,Injection Site Reaction,2026-02-22,,Yes,Non-Serious,Mild,Possibly Related,,Recovering/Resolving,
ONC-0090,,Fatigue,2026-09-16,2026-09-30,No,Non-Serious,Mild,Probably Related,,Recovered/Resolved,
ONC-0090,,Dizziness,2026-09-02,2026-09-16,No,Non-Serious,Mild,Not Related,,Recovered/Resolved,
ONC-0094,,Diarrhea,2026-04-22,2026-04-23,No,Non-Serious,Mild,Not Related,Dose Reduced,Recovered/Resolved,
ONC-0098,,Diarrhea,2026-03-19,2026-03-26,No,Non-Serious,Mild,Possibly Related,,Recovered/Resolved,
ONC-0112,,Abdominal Pain,2026-08-18,2026-08-20,No,Non-Serious,Moderate,Unlikely Related,,Recovered/Resolved,
ONC-0118,,Nausea,2026-05-04,2026-05-16,No,Non-Serious,Mild,Not Related,,Recovered/Resolved,
ONC-0119,,Fatigue,2026-07-14,2026-07-25,No,Non-Serious,Mild,Possibly Related,,Recovered/Resolved,
ONC-0119,,Hypoglycemia,2026-08-05,2026-08-10,No,Non-Serious,Mild,Unlikely Related,,Unknown,
ONC-0123,,Headache,2026-05-31,,Yes,Non-Serious,Mild,Unlikely Related,,Recovering/Resolving,
ONC-0128,,Abdominal Pain,2026-04-01,2026-04-14,No,Non-Serious,Mild,Possibly Related,,Recovered/Resolved,
ONC-0130,,Dizziness,2026-06-19,2026-06-30,No,Non-Serious,Mild,Possibly Related,Dose Not Changed,Recovered/Resolved,
ONC-0133,,Hypoglycemia,2026-03-21,,Yes,Non-Serious,Mild,Not Related,,Recovering/Resolving,
ONC-0139,,Nausea,2026-04-28,,Yes,Non-Serious,Mild,Unlikely Related,Dose Not Changed,Recovering/Resolving,
ONC-0153,,Fatigue,2026-07-13,2026-07-16,No,Non-Serious,Severe,Not Related,Other,Unknown,
ONC-0156,,Hypoglycemia,2026-04-16,2026-04-28,No,Non-Serious,Mild,Not Related,,Recovered/Resolved,
ONC-0161,,Headache,2026-02-15,,Yes,Non-Serious,Moderate,Not Related,Dose Reduced,Recovering/Resolving,
ONC-0168,,Dizziness,2026-02-22,2026-03-06,No,Non-Serious,Mild,Possibly Related,,Recovered/Resolved,
ONC-0171,,Fatigue,2026-04-18,2026-04-28,No,Non-Serious,Mild,Unlikely Related,Dose Not Changed,Unknown,
ONC-0173,,Abdominal Pain,2026-04-25,2026-05-01,No,Non-Serious,Mild,Not Related,,Recovered/Resolved,
ONC-0175,,Fatigue,2026-05-11,2026-05-21,No,Non-Serious,Mild,Unlikely Related,,Recovered/Resolved,
ONC-0176,,Nausea,2026-05-01,,Yes,Non-Serious,Moderate,Probably Related,,Recovering/Resolving,
ONC-0182,,Upper Respiratory Tract Infection,2026-07-29,2026-08-12,No,Non-Serious,Mild,Unlikely Related,Drug Interrupted,Unknown,
ONC-0183,,Fatigue,2026-04-11,2026-04-24,No,Non-Serious,Moderate,Possibly Related,,Recovered/Resolved,
ONC-0187,,Injection Site Reaction,2026-06-08,2026-06-12,No,Non-Serious,Mild,Possibly Related,Dose Not Changed,Recovered/Resolved,
ONC-0187,,Nausea,2026-04-28,2026-05-08,No,Non-Serious,Mild,Definitely Related,,Recovered/Resolved,
ONC-0192,,Abdominal Pain,2026-07-29,2026-08-03,No,Non-Serious,Mild,Possibly Related,Dose Not Changed,Recovered/Resolved,
ONC-0194,,Hypoglycemia,2026-06-23,2026-06-29,No,Non-Serious,Moderate,Definitely Related,,Recovered/Resolved,
ONC-0197,,Headache,2026-08-24,2026-08-25,No,Non-Serious,Mild,Possibly Related,,Unknown,
ONC-0199,,Nausea,2026-03-25,2026-04-04,No,Non-Serious,Mild,Possibly Related,Drug Interrupted,Recovered/Resolved,
ONC-0201,,Nausea,2026-08-10,2026-08-21,No,Non-Serious,Mild,Unlikely Related,,Recovered/Resolved,
ONC-0208,,Abdominal Pain,2026-04-26,2026-04-29,No,Non-Serious,Moderate,Definitely Related,Other,Recovered/Resolved,
ONC-0210,,Diarrhea,2026-07-02,2026-07-15,No,Non-Serious,Mild,Not Related,Drug Withdrawn,Recovered/Resolved,
ONC-0212,,Dizziness,2026-05-13,2026-05-18,No,Non-Serious,Moderate,Not Related,,Unknown,
ONC-0213,,Abdominal Pain,2026-03-06,2026-03-13,No,Non-Serious,Mild,Not Related,,Recovered/Resolved,
ONC-0214,,Nausea,2026-07-06,2026-07-07,No,Non-Serious,Moderate,Definitely Related,Dose Reduced,Recovered/Resolved,
ONC-0215,,Injection Site Reaction,2026-08-15,,Yes,Non-Serious,Mild,Possibly Related,,Recovering/Resolving,
ONC-0218,,Fatigue,2026-07-16,2026-07-24,No,Non-Serious,Moderate,Probably Related,,Recovered/Resolved,
ONC-0220,,Dizziness,2026-07-02,2026-07-16,No,Non-Serious,Moderate,Possibly Related,,Recovered/Resolved,
ONC-0220,,Headache,2026-07-05,2026-07-11,No,Non-Serious,Mild,Possibly Related,Drug Interrupted,Recovered/Resolved,
ONC-0224,,Injection Site Reaction,2026-05-19,,Yes,Non-Serious,Mild,Unlikely Related,Drug Withdrawn,Recovering/Resolving,
ONC-0225,,Headache,2026-05-22,,Yes,Non-Serious,Mild,Definitely Related,,Recovering/Resolving,
ONC-0228,,Headache,2026-09-22,2026-10-03,No,Non-Serious,Mild,Definitely Related,,Recovered/Resolved,
ONC-0231,,Hypoglycemia,2026-06-28,,Yes,Non-Serious,Mild,Possibly Related,Dose Reduced,Recovering/Resolving,
ONC-0233,,Injection Site Reaction,2026-06-05,2026-06-18,No,Non-Serious,Moderate,Possibly Related,Dose Not Changed,Recovered/Resolved,
ONC-0235,,Headache,2026-04-07,2026-04-09,No,Non-Serious,Mild,Possibly Related,,Unknown,
ONC-0236,,Diarrhea,2026-10-03,2026-10-14,No,Non-Serious,Mild,Definitely Related,,Recovered/Resolved,
ONC-0239,,Fatigue,2026-04-28,2026-05-02,No,Non-Serious,Mild,Probably Related,Other,Unknown,
ONC-0242,,Dizziness,2026-05-26,2026-06-07,No,Non-Serious,Mild,Possibly Related,Dose Not Changed,Recovered/Resolved,
ONC-0243,,Injection Site Reaction,2026-02-09,2026-02-23,No,Non-Serious,Moderate,Not Related,Dose Not Changed,Recovered/Resolved,
ONC-0254,,Nausea,2026-05-30,2026-06-05,No,Non-Serious,Mild,Not Related,,Recovered/Resolved,
ONC-0259,,Headache,2026-02-03,2026-02-16,No,Non-Serious,Severe,Not Related,,Recovered/Resolved,
ONC-0262,,Hypoglycemia,2026-08-20,2026-08-26,No,Non-Serious,Mild,Possibly Related,Dose Not Changed,Unknown,
ONC-0278,,Headache,2026-04-26,,Yes,Non-Serious,Mild,Possibly Related,Dose Reduced,Recovering/Resolving,
ONC-0279,,Abdominal Pain,2026-06-19,2026-06-28,No,Non-Serious,Moderate,Probably Related,,Recovered/Resolved,
ONC-0293,,Fatigue,2026-02-27,2026-03-04,No,Non-Serious,Mild,Possibly Related,Dose Not Changed,Unknown,
ONC-0294,,Dizziness,2026-08-31,,Yes,Non-Serious,Mild,Possibly Related,,Recovering/Resolving,
ONC-0295,,Dizziness,2026-04-26,2026-04-28,No,Non-Serious,Mild,Possibly Related,,Recovered/Resolved,
ONC-0299,,Hypoglycemia,2026-08-10,,Yes,Non-Serious,Mild,Possibly Related,Dose Reduced,Recovering/Resolving,
ONC-0301,,Nausea,2026-04-26,2026-04-27,No,Non-Serious,Mild,Possibly Related,Dose Not Changed,Recovered/Resolved,
ONC-0304,,Upper Respiratory Tract Infection,2026-06-04,2026-06-14,No,Non-Serious,Mild,Possibly Related,Dose Not Changed,Recovered/Resolved,
ONC-0309,,Hypoglycemia,2026-07-08,2026-07-14,No,Non-Serious,Mild,Possibly Related,,Recovered/Resolved,
ONC-0314,,Upper Respiratory Tract Infection,2026-06-24,2026-06-29,No,Non-Serious,Mild,Not Related,,Unknown,
ONC-0314,,Hypoglycemia,2026-05-19,2026-05-26,No,Non-Serious,Mild,Unlikely Related,Drug Withdrawn,Recovered/Resolved,
ONC-0315,,Upper Respiratory Tract Infection,2026-03-28,2026-03-31,No,Non-Serious,Mild,Not Related,Dose Reduced,Unknown,
ONC-0316,,Abdominal Pain,2026-04-08,2026-04-17,No,Non-Serious,Mild,Possibly Related,,Recovered/Resolved,
ONC-0318,,Diarrhea,2026-05-26,2026-06-08,No,Non-Serious,Mild,Not Related,,Recovered/Resolved,
ONC-0322,,Fatigue,2026-06-10,2026-06-24,No,Non-Serious,Moderate,Possibly Related,,Recovered/Resolved,
ONC-0322,,Abdominal Pain,2026-05-08,2026-05-09,No,Non-Serious,Moderate,Possibly Related,,Recovered/Resolved,
ONC-0327,,Abdominal Pain,2026-07-17,2026-07-25,No,Non-Serious,Moderate,Possibly Related,,Unknown,
ONC-0327,,Abdominal Pain,2026-07-15,2026-07-20,No,Non-Serious,Moderate,Probably Related,Drug Interrupted,Unknown,
ONC-0328,,Upper Respiratory Tract Infection,2026-01-20,,Yes,Non-Serious,Severe,Not Related,,Recovering/Resolving,
ONC-0330,,Dizziness,2026-03-30,2026-04-01,No,Non-Serious,Moderate,Possibly Related,,Recovered/Resolved,
ONC-0332,,Headache,2026-06-19,2026-06-23,No,Non-Serious,Moderate,Possibly Related,,Unknown,
ONC-0333,,Diarrhea,2026-09-14,,Yes,Non-Serious,Moderate,Possibly Related,Dose Not Changed,Recovering/Resolving,
ONC-0334,,Nausea,2026-05-10,2026-05-16,No,Non-Serious,Mild,Probably Related,Dose Not Changed,Recovered/Resolved,
ONC-0338,,Headache,2026-06-03,2026-06-13,No,Non-Serious,Mild,Not Related,,Recovered/Resolved,
ONC-0339,,Nausea,2026-05-27,2026-05-30,No,Non-Serious,Mild,Possibly Related,,Recovered/Resolved,
ONC-0339,,Fatigue,2026-05-26,2026-05-28,No,Non-Serious,Mild,Not Related,,Unknown,
ONC-0347,,Diarrhea,2026-05-06,,Yes,Serious,Mild,Probably Related,,Recovering/Resolving,
ONC-0352,,Hypoglycemia,2026-07-27,2026-07-30,No,Non-Serious,Moderate,Definitely Related,Drug Interrupted,Recovered/Resolved,
ONC-0353,,Dizziness,2026-08-15,2026-08-22,No,Non-Serious,Mild,Probably Related,Dose Not Changed,Recovered/Resolved,
ONC-0366,,Nausea,2026-06-14,,Yes,Non-Serious,Moderate,Not Related,,Recovering/Resolving,
ONC-0368,,Fatigue,2026-09-16,2026-09-28,No,Non-Serious,Moderate,Possibly Related,,Recovered/Resolved,
ONC-0368,,Abdominal Pain,2026-09-28,2026-10-04,No,Non-Serious,Severe,Possibly Related,,Recovered/Resolved,
ONC-0376,,Hypoglycemia,2026-05-06,2026-05-15,No,Non-Serious,Mild,Probably Related,,Unknown,
ONC-0381,,Headache,2026-04-16,2026-04-20,No,Non-Serious,Mild,Probably Related,Dose Not Changed,Recovered/Resolved,
ONC-0385,,Dizziness,2026-09-01,2026-09-08,No,Non-Serious,Mild,Unlikely Related,Drug Withdrawn,Recovered/Resolved,
ONC-0388,,Injection Site Reaction,2026-08-24,2026-08-27,No,Non-Serious,Mild,Possibly Related,Dose Not Changed,Recovered/Resolved,
ONC-0389,,Injection Site Reaction,2026-05-05,2026-05-15,No,Non-Serious,Mild,Possibly Related,,Recovered/Resolved,
ONC-0397,,Injection Site Reaction,2026-05-05,2026-05-15,No,Non-Serious,Mild,Not Related,,Unknown,
ONC-0397,,Diarrhea,2026-06-23,2026-07-04,No,Non-Serious,Mild,Definitely Related,,Unknown,
ONC-0406,,Injection Site Reaction,2026-06-17,2026-06-26,No,Non-Serious,Mild,Possibly Related,,Recovered/Resolved,
ONC-0407,,Dizziness,2026-03-24,2026-04-02,No,Non-Serious,Mild,Not Related,Dose Reduced,Unknown,
ONC-0409,,Nausea,2026-08-01,2026-08-14,No,Serious,Moderate,Possibly Related,,Recovered/Resolved,
ONC-0411,,Headache,2026-03-31,2026-04-05,No,Non-Serious,Mild,Possibly Related,,Recovered/Resolved,
ONC-0414,,Fatigue,2026-03-31,,Yes,Non-Serious,Moderate,Unlikely Related,Dose Not Changed,Recovering/Resolving,
ONC-0418,,Fatigue,2026-06-14,2026-06-17,No,Non-Serious,Mild,Not Related,Drug Withdrawn,Recovered/Resolved,
ONC-0421,,Upper Respiratory Tract Infection,2026-05-09,2026-05-12,No,Non-Serious,Mild,Unlikely Related,Drug Interrupted,Recovered/Resolved,
ONC-0430,,Dizziness,2026-05-11,,Yes,Non-Serious,Mild,Possibly Related,,Recovering/Resolving,
ONC-0432,,Headache,2026-04-17,2026-04-26,No,Non-Serious,Moderate,Unlikely Related,Dose Not Changed,Unknown,
ONC-0440,,Hypoglycemia,2026-09-13,,Yes,Non-Serious,Mild,Possibly Related,Drug Withdrawn,Recovering/Resolving,
ONC-0443,,Nausea,2026-03-09,,Yes,Non-Serious,Mild,Not Related,Drug Interrupted,Recovering/Resolving,
ONC-0443,,Hypoglycemia,2026-04-28,2026-05-08,No,Non-Serious,Moderate,Not Related,Dose Not Changed,Recovered/Resolved,
ONC-0446,,Dizziness,2026-04-07,2026-04-15,No,Non-Serious,Moderate,Probably Related,,Recovered/Resolved,
ONC-0446,,Dizziness,2026-05-26,2026-06-04,No,Non-Serious,Mild,Possibly Related,Dose Not Changed,Recovered/Resolved,
ONC-0447,,Fatigue,2026-06-05,2026-06-12,No,Serious,Moderate,Probably Related,Other,Unknown,
ONC-0451,,Diarrhea,2026-02-13,2026-02-16,No,Non-Serious,Severe,Not Related,,Unknown,
ONC-0451,,Diarrhea,2026-03-04,2026-03-08,No,Non-Serious,Mild,Not Related,Dose Not Changed,Recovered/Resolved,
ONC-0454,,Diarrhea,2026-06-03,2026-06-08,No,Non-Serious,Mild,Not Related,,Unknown,
ONC-0456,,Abdominal Pain,2026-08-05,2026-08-12,No,Non-Serious,Severe,Not Related,,Unknown,
ONC-0468,,Fatigue,2026-06-04,2026-06-08,No,Non-Serious,Mild,Not Related,,Recovered/Resolved,
ONC-0469,,Fatigue,2026-04-21,2026-05-04,No,Non-Serious,Moderate,Possibly Related,Dose Not Changed,Recovered/Resolved,
ONC-0474,,Nausea,2026-10-07,,Yes,Non-Serious,Mild,Unlikely Related,,Recovering/Resolving,
ONC-0483,,Fatigue,2026-06-19,2026-06-27,No,Non-Serious,Moderate,Not Related,Other,Recovered/Resolved,
ONC-0485,,Injection Site Reaction,2026-05-14,,Yes,Non-Serious,Mild,Unlikely Related,,Recovering/Resolving,
ONC-0494,,Diarrhea,2026-09-03,,Yes,Non-Serious,Moderate,Possibly Related,,Recovering/Resolving,
ONC-0494,,Upper Respiratory Tract Infection,2026-08-01,2026-08-12,No,Non-Serious,Moderate,Not Related,Drug Interrupted,Recovered/Resolved,
ONC-0499,,Dizziness,2026-09-06,2026-09-18,No,Non-Serious,Mild,Possibly Related,,Recovered/Resolved,
ONC-0500,,Abdominal Pain,2026-06-05,,Yes,Non-Serious,Mild,Unlikely Related,Dose Not Changed,Recovering/Resolving,
