study_id,subject_id,site_id,consent_date,date_of_birth,age,sex,race,ethnicity,height_cm,weight_kg,treatment,screening_status,screen_fail_reason
ONC-2026-001,ONC-0001,2,2026-03-23,1982-09-21,43,Male,Asian,Not Reported,178.0,79.4,Placebo,Eligible,
ONC-2026-001,ONC-0002,8,2026-05-31,1978-04-01,48,Male,American Indian or Alaska Native,Not Hispanic or Latino,186.8,81.5,Placebo,Eligible,
ONC-2026-001,ONC-0003,6,2026-02-23,1975-05-12,50,Other,Not Reported,Not Hispanic or Latino,195.0,86.0,ABC-101 50 mg,Eligible,
ONC-2026-001,ONC-0004,2,2026-05-23,1984-05-10,42,Not Reported,Asian,Not Reported,181.7,90.4,ABC-101 50 mg,Eligible,
ONC-2026-001,ONC-0005,6,2026-04-04,1979-07-03,46,Not Reported,White,Not Reported,172.4,58.2,Placebo,Eligible,
ONC-2026-001,ONC-0006,10,2026-05-06,1975-09-09,50,Not Reported,White,Not Hispanic or Latino,173.1,106.4,Placebo,Eligible,
ONC-2026-001,ONC-0007,3,2026-01-13,1995-09-22,30,Male,Multiple Races,Not Reported,169.3,60.0,ABC-101 50 mg,Eligible,
ONC-2026-001,ONC-0008,2,2026-06-10,1994-08-22,31,Not Reported,Multiple Races,Not Reported,161.3,78.1,ABC-101 100 mg,Eligible,
ONC-2026-001,ONC-0009,9,2026-06-28,1980-07-14,45,Female,Black or African American,Not Hispanic or Latino,150.4,60.5,Placebo,Not Eligible,Eligibility criteria not satisfied
ONC-2026-001,ONC-0010,8,2026-04-03,1962-05-23,63,Not Reported,Native Hawaiian or Other Pacific Islander,Not Reported,184.5,84.8,ABC-101 100 mg,Eligible,
ONC-2026-001,ONC-0011,1,2026-03-16,1970-08-26,55,Male,Native Hawaiian or Other Pacific Islander,Not Reported,182.2,117.4,ABC-101 100 mg,Eligible,
ONC-2026-001,ONC-0012,3,2026-04-19,1996-08-03,29,Other,Native Hawaiian or Other Pacific Islander,Not Hispanic or Latino,154.3,102.3,ABC-101 100 mg,Eligible,
ONC-2026-001,ONC-0013,1,2026-01-24,1950-08-19,75,Male,White,Hispanic or Latino,161.2,93.5,Placebo,Not Eligible,Eligibility criteria not satisfied
ONC-2026-001,ONC-0014,6,2026-02-09,1950-06-22,75,Not Reported,Multiple Races,Not Reported,192.2,88.2,ABC-101 100 mg,Eligible,
ONC-2026-001,ONC-0015,10,2026-06-27,1982-05-03,44,Not Reported,Multiple Races,Hispanic or Latino,192.1,104.8,Placebo,Eligible,
ONC-2026-001,ONC-0016,7,2026-04-10,1959-09-26,66,Female,Native Hawaiian or Other Pacific Islander,Hispanic or Latino,193.1,77.3,ABC-101 50 mg,Eligible,
ONC-2026-001,ONC-0017,6,2026-06-15,1972-01-01,54,Not Reported,Black or African American,Not Reported,163.7,72.8,ABC-101 50 mg,Eligible,
ONC-2026-001,ONC-0018,8,2026-05-27,1989-03-05,37,Female,Native Hawaiian or Other Pacific Islander,Not Reported,165.1,91.9,Placebo,Eligible,
ONC-2026-001,ONC-0019,9,2026-04-13,1952-04-21,73,Female,American Indian or Alaska Native,Not Reported,174.5,108.7,ABC-101 100 mg,Eligible,
ONC-2026-001,ONC-0020,4,2026-05-04,1995-11-01,30,Female,Multiple Races,Not Reported,159.8,111.8,ABC-101 50 mg,Eligible,
ONC-2026-001,ONC-0021,3,2026-04-10,1967-07-18,58,Not Reported,Not Reported,Hispanic or Latino,167.2,63.1,ABC-101 50 mg,Eligible,
ONC-2026-001,ONC-0022,8,2026-04-17,1968-08-06,57,Other,White,Not Hispanic or Latino,170.0,86.9,Placebo,Eligible,
ONC-2026-001,ONC-0023,2,2026-02-24,1964-01-03,62,Not Reported,Multiple Races,Not Hispanic or Latino,168.4,104.8,Placebo,Eligible,
ONC-2026-001,ONC-0024,1,2026-04-01,1960-06-18,65,Female,American Indian or Alaska Native,Not Reported,182.2,88.9,Placebo,Eligible,
ONC-2026-001,ONC-0025,10,2026-03-17,1986-05-22,39,Female,American Indian or Alaska Native,Not Hispanic or Latino,154.3,80.5,ABC-101 50 mg,Eligible,
ONC-2026-001,ONC-0026,6,2026-02-17,1991-11-04,34,Other,Black or African American,Not Reported,187.7,70.4,ABC-101 100 mg,Eligible,
ONC-2026-001,ONC-0027,5,2026-01-17,1950-07-28,75,Other,Native Hawaiian or Other Pacific Islander,Hispanic or Latino,152.6,66.5,ABC-101 100 mg,Eligible,
ONC-2026-001,ONC-0028,9,2026-05-28,1972-06-25,53,Not Reported,White,Not Reported,179.5,93.1,ABC-101 100 mg,Eligible,
ONC-2026-001,ONC-0029,4,2026-06-02,1979-07-22,46,Male,Multiple Races,Not Hispanic or Latino,188.8,97.7,ABC-101 100 mg,Eligible,
ONC-2026-001,ONC-0030,6,2026-01-15,1997-12-14,28,Male,Black or African American,Not Reported,164.9,100.9,ABC-101 50 mg,Eligible,
ONC-2026-001,ONC-0031,7,2026-03-23,1987-01-18,39,Other,Asian,Not Reported,152.5,119.8,ABC-101 50 mg,Eligible,
ONC-2026-001,ONC-0032,2,2026-01-10,1958-09-12,67,Other,American Indian or Alaska Native,Not Hispanic or Latino,176.0,74.9,ABC-101 100 mg,Eligible,
ONC-2026-001,ONC-0033,7,2026-06-19,1964-03-06,62,Male,Multiple Races,Not Reported,192.1,97.9,ABC-101 100 mg,Eligible,
ONC-2026-001,ONC-0034,3,2026-02-28,1951-01-09,75,Not Reported,Native Hawaiian or Other Pacific Islander,Not Hispanic or Latino,193.1,59.7,Placebo,Eligible,
ONC-2026-001,ONC-0035,3,2026-05-22,1952-11-28,73,Other,Black or African American,Not Reported,173.4,102.0,ABC-101 50 mg,Eligible,
ONC-2026-001,ONC-0036,1,2026-06-10,1965-08-02,60,Female,Multiple Races,Not Reported,188.8,114.9,ABC-101 100 mg,Eligible,
ONC-2026-001,ONC-0037,6,2026-03-01,1985-05-11,40,Female,Black or African American,Not Hispanic or Latino,170.7,82.0,ABC-101 100 mg,Eligible,
ONC-2026-001,ONC-0038,10,2026-03-21,1962-03-21,64,Not Reported,Asian,Not Hispanic or Latino,190.2,116.5,Placebo,Eligible,
ONC-2026-001,ONC-0039,1,2026-06-13,1961-02-10,65,Other,White,Not Reported,161.9,100.0,ABC-101 50 mg,Pending,
ONC-2026-001,ONC-0040,1,2026-05-17,1963-12-19,62,Other,White,Hispanic or Latino,193.0,76.6,Placebo,Eligible,
ONC-2026-001,ONC-0041,3,2026-05-11,1956-02-05,70,Not Reported,Black or African American,Not Reported,161.8,52.9,Placebo,Eligible,
ONC-2026-001,ONC-0042,4,2026-02-11,1968-05-18,57,Other,Black or African American,Hispanic or Latino,193.8,63.2,Placebo,Eligible,
ONC-2026-001,ONC-0043,10,2026-06-15,1980-07-12,45,Female,Multiple Races,Not Reported,151.3,72.0,ABC-101 50 mg,Eligible,
ONC-2026-001,ONC-0044,2,2026-05-12,1992-12-21,33,Male,Not Reported,Not Hispanic or Latino,152.9,71.2,Placebo,Eligible,
ONC-2026-001,ONC-0045,10,2026-03-05,1958-02-11,68,Not Reported,American Indian or Alaska Native,Not Reported,153.3,68.4,ABC-101 100 mg,Eligible,
ONC-2026-001,ONC-0046,6,2026-05-02,1981-02-18,45,Female,Not Reported,Not Hispanic or Latino,180.8,81.9,Placebo,Eligible,
ONC-2026-001,ONC-0047,2,2026-01-23,1981-05-09,44,Female,Asian,Not Hispanic or Latino,169.5,89.3,ABC-101 100 mg,Not Eligible,Eligibility criteria not satisfied
ONC-2026-001,ONC-0048,8,2026-04-14,1970-03-07,56,Not Reported,Asian,Not Reported,191.4,103.1,ABC-101 100 mg,Eligible,
ONC-2026-001,ONC-0049,10,2026-04-08,1963-03-15,63,Female,Native Hawaiian or Other Pacific Islander,Not Hispanic or Latino,164.8,58.2,ABC-101 100 mg,Eligible,
ONC-2026-001,ONC-0050,8,2026-03-09,1959-09-21,66,Other,Asian,Not Hispanic or Latino,193.8,89.3,ABC-101 50 mg,Eligible,
ONC-2026-001,ONC-0051,10,2026-04-28,1990-07-13,35,Male,White,Not Reported,164.8,78.7,ABC-101 50 mg,Eligible,
ONC-2026-001,ONC-0052,8,2026-06-23,1990-11-25,35,Female,Native Hawaiian or Other Pacific Islander,Not Hispanic or Latino,179.2,54.2,ABC-101 100 mg,Eligible,
ONC-2026-001,ONC-0053,1,2026-03-10,1985-12-09,40,Female,Black or African American,Not Reported,179.0,79.0,ABC-101 100 mg,Eligible,
ONC-2026-001,ONC-0054,8,2026-03-28,1950-01-25,76,Female,Multiple Races,Hispanic or Latino,179.7,115.9,ABC-101 100 mg,Eligible,
ONC-2026-001,ONC-0055,4,2026-04-28,1982-05-20,43,Other,American Indian or Alaska Native,Not Reported,181.2,87.7,ABC-101 50 mg,Pending,
ONC-2026-001,ONC-0056,3,2026-03-26,1964-08-07,61,Female,Multiple Races,Not Hispanic or Latino,153.8,79.2,Placebo,Eligible,
ONC-2026-001,ONC-0057,9,2026-02-04,1956-01-09,70,Not Reported,American Indian or Alaska Native,Hispanic or Latino,174.8,85.9,ABC-101 50 mg,Pending,
ONC-2026-001,ONC-0058,8,2026-06-18,1992-06-11,34,Other,Black or African American,Not Reported,171.6,84.2,ABC-101 100 mg,Eligible,
ONC-2026-001,ONC-0059,1,2026-06-14,1981-03-01,45,Not Reported,Not Reported,Not Hispanic or Latino,161.4,102.8,ABC-101 50 mg,Eligible,
ONC-2026-001,ONC-0060,9,2026-04-13,1969-04-19,56,Male,Not Reported,Not Hispanic or Latino,188.8,100.8,Placebo,Eligible,
ONC-2026-001,ONC-0061,9,2026-03-18,1980-10-03,45,Other,Native Hawaiian or Other Pacific Islander,Not Hispanic or Latino,179.7,75.2,ABC-101 50 mg,Pending,
ONC-2026-001,ONC-0062,3,2026-03-07,1983-09-28,42,Not Reported,Multiple Races,Hispanic or Latino,191.6,118.6,ABC-101 50 mg,Eligible,
ONC-2026-001,ONC-0063,4,2026-04-20,1982-09-05,43,Female,Not Reported,Not Hispanic or Latino,184.9,100.1,ABC-101 50 mg,Eligible,
ONC-2026-001,ONC-0064,6,2026-04-04,1991-07-18,34,Female,Asian,Not Reported,174.8,118.6,Placebo,Eligible,
ONC-2026-001,ONC-0065,10,2026-01-16,1992-01-09,34,Other,Not Reported,Hispanic or Latino,156.3,117.4,Placebo,Eligible,
ONC-2026-001,ONC-0066,8,2026-02-13,1961-12-02,64,Female,Multiple Races,Hispanic or Latino,168.6,93.6,Placebo,Not Eligible,Did not meet laboratory eligibility criteria
ONC-2026-001,ONC-0067,4,2026-05-12,1973-09-03,52,Not Reported,Multiple Races,Not Reported,168.3,113.0,ABC-101 50 mg,Eligible,
ONC-2026-001,ONC-0068,1,2026-05-01,1950-01-04,76,Other,White,Not Reported,181.4,107.2,ABC-101 100 mg,Eligible,
ONC-2026-001,ONC-0069,3,2026-05-09,1962-02-14,64,Not Reported,Asian,Hispanic or Latino,160.9,96.3,ABC-101 100 mg,Eligible,
ONC-2026-001,ONC-0070,3,2026-05-18,1977-12-14,48,Not Reported,Not Reported,Not Hispanic or Latino,181.7,117.8,Placebo,Eligible,
ONC-2026-001,ONC-0071,9,2026-06-05,1980-02-07,46,Female,American Indian or Alaska Native,Hispanic or Latino,165.9,97.5,Placebo,Eligible,
ONC-2026-001,ONC-0072,3,2026-02-22,1991-07-07,34,Not Reported,American Indian or Alaska Native,Not Reported,193.7,95.4,Placebo,Eligible,
ONC-2026-001,ONC-0073,5,2026-04-04,1975-01-16,51,Not Reported,Black or African American,Not Hispanic or Latino,172.0,59.7,ABC-101 50 mg,Eligible,
ONC-2026-001,ONC-0074,6,2026-04-27,1974-10-21,51,Male,Multiple Races,Not Reported,175.2,102.8,Placebo,Eligible,
ONC-2026-001,ONC-0075,8,2026-03-30,1984-09-27,41,Male,Not Reported,Not Hispanic or Latino,163.4,55.6,ABC-101 50 mg,Eligible,
ONC-2026-001,ONC-0076,8,2026-05-25,1956-07-26,69,Not Reported,White,Not Hispanic or Latino,174.3,60.7,ABC-101 100 mg,Eligible,
ONC-2026-001,ONC-0077,2,2026-04-11,1955-03-18,71,Other,American Indian or Alaska Native,Hispanic or Latino,183.7,55.0,Placebo,Eligible,
ONC-2026-001,ONC-0078,6,2026-02-09,1969-08-08,56,Other,Multiple Races,Not Hispanic or Latino,181.1,78.0,Placebo,Eligible,
ONC-2026-001,ONC-0079,6,2026-04-18,1952-08-08,73,Female,Native Hawaiian or Other Pacific Islander,Hispanic or Latino,184.6,91.2,Placebo,Eligible,
ONC-2026-001,ONC-0080,9,2026-01-05,1981-04-13,44,Male,White,Not Hispanic or Latino,185.3,70.6,Placebo,Eligible,
ONC-2026-001,ONC-0081,7,2026-05-29,1951-06-20,74,Female,White,Hispanic or Latino,175.3,106.4,Placebo,Eligible,
ONC-2026-001,ONC-0082,3,2026-04-28,1975-02-26,51,Male,Not Reported,Not Hispanic or Latino,168.0,50.4,ABC-101 50 mg,Eligible,
ONC-2026-001,ONC-0083,3,2026-05-15,1967-06-03,58,Other,Asian,Hispanic or Latino,159.8,109.0,Placebo,Eligible,
ONC-2026-001,ONC-0084,8,2026-05-21,1992-01-12,34,Not Reported,Not Reported,Not Reported,178.4,52.4,ABC-101 50 mg,Eligible,
ONC-2026-001,ONC-0085,8,2026-01-13,1968-02-06,57,Male,Black or African American,Hispanic or Latino,150.3,93.2,ABC-101 50 mg,Eligible,
ONC-2026-001,ONC-0086,5,2026-01-19,1994-12-18,31,Female,White,Not Reported,173.3,87.8,ABC-101 100 mg,Eligible,
ONC-2026-001,ONC-0087,9,2026-04-01,1964-09-13,61,Not Reported,American Indian or Alaska Native,Hispanic or Latino,151.4,78.9,Placebo,Eligible,
ONC-2026-001,ONC-0088,10,2026-02-15,1960-04-06,65,Female,White,Not Hispanic or Latino,168.0,118.8,Placebo,Eligible,
ONC-2026-001,ONC-0089,2,2026-01-05,1972-02-24,53,Female,White,Not Reported,185.1,107.6,ABC-101 100 mg,Eligible,
ONC-2026-001,ONC-0090,3,2026-06-25,1970-03-16,56,Male,Asian,Hispanic or Latino,186.6,56.3,Placebo,Eligible,
ONC-2026-001,ONC-0091,7,2026-06-21,1986-06-17,40,Other,American Indian or Alaska Native,Not Reported,180.7,51.5,ABC-101 100 mg,Eligible,
ONC-2026-001,ONC-0092,7,2026-03-04,1969-10-22,56,Female,Black or African American,Not Reported,173.9,118.1,ABC-101 100 mg,Not Eligible,Did not meet inclusion criteria
ONC-2026-001,ONC-0093,8,2026-06-01,1956-04-22,70,Not Reported,Not Reported,Hispanic or Latino,177.3,85.2,Placebo,Eligible,
ONC-2026-001,ONC-0094,2,2026-02-02,1950-10-17,75,Other,Asian,Not Hispanic or Latino,192.3,51.4,Placebo,Eligible,
ONC-2026-001,ONC-0095,3,2026-04-08,1990-11-01,35,Not Reported,White,Hispanic or Latino,154.3,108.2,ABC-101 100 mg,Eligible,
ONC-2026-001,ONC-0096,7,2026-03-12,1978-08-24,47,Other,Black or African American,Not Hispanic or Latino,183.3,78.7,ABC-101 100 mg,Eligible,
ONC-2026-001,ONC-0097,3,2026-01-27,1989-09-01,36,Female,Asian,Not Reported,163.3,118.5,ABC-101 100 mg,Eligible,
ONC-2026-001,ONC-0098,6,2026-02-12,1956-04-13,69,Female,White,Not Hispanic or Latino,179.0,77.6,Placebo,Eligible,
ONC-2026-001,ONC-0099,9,2026-05-18,1974-12-09,51,Other,Not Reported,Not Hispanic or Latino,160.9,85.6,ABC-101 50 mg,Eligible,
ONC-2026-001,ONC-0100,4,2026-03-18,1960-07-22,65,Female,Native Hawaiian or Other Pacific Islander,Not Hispanic or Latino,178.6,97.7,Placebo,Eligible,
ONC-2026-001,ONC-0101,1,2026-06-02,1982-06-18,43,Other,Not Reported,Not Hispanic or Latino,160.2,98.4,Placebo,Eligible,
ONC-2026-001,ONC-0102,9,2026-03-15,1992-10-17,33,Other,Not Reported,Not Hispanic or Latino,183.8,86.8,ABC-101 50 mg,Eligible,
ONC-2026-001,ONC-0103,7,2026-04-10,1989-06-28,36,Female,White,Not Reported,167.0,110.5,ABC-101 50 mg,Eligible,
ONC-2026-001,ONC-0104,4,2026-02-14,1981-10-13,44,Not Reported,Not Reported,Hispanic or Latino,169.6,63.3,ABC-101 50 mg,Eligible,
ONC-2026-001,ONC-0105,2,2026-01-30,1963-07-04,62,Not Reported,White,Not Hispanic or Latino,178.6,119.5,Placebo,Eligible,
ONC-2026-001,ONC-0106,4,2026-03-24,1969-01-04,57,Male,Not Reported,Not Hispanic or Latino,179.6,82.3,ABC-101 100 mg,Eligible,
ONC-2026-001,ONC-0107,2,2026-02-18,1985-08-11,40,Female,American Indian or Alaska Native,Hispanic or Latino,165.6,60.5,ABC-101 100 mg,Not Eligible,Did not meet inclusion criteria
ONC-2026-001,ONC-0108,9,2026-04-19,1998-03-03,28,Male,Multiple Races,Not Hispanic or Latino,169.0,119.4,ABC-101 100 mg,Eligible,
ONC-2026-001,ONC-0109,8,2026-05-02,1972-12-04,53,Male,Native Hawaiian or Other Pacific Islander,Hispanic or Latino,169.3,54.8,Placebo,Eligible,
ONC-2026-001,ONC-0110,4,2026-04-19,1956-06-06,69,Male,Not Reported,Hispanic or Latino,177.1,105.4,ABC-101 100 mg,Eligible,
ONC-2026-001,ONC-0111,7,2026-01-27,1994-04-12,31,Male,Native Hawaiian or Other Pacific Islander,Not Reported,153.7,103.8,ABC-101 100 mg,Eligible,
ONC-2026-001,ONC-0112,10,2026-05-29,1969-04-24,57,Female,White,Not Hispanic or Latino,161.4,88.9,ABC-101 100 mg,Eligible,
ONC-2026-001,ONC-0113,5,2026-04-16,1997-05-07,28,Not Reported,Asian,Not Hispanic or Latino,186.7,71.6,ABC-101 100 mg,Eligible,
ONC-2026-001,ONC-0114,10,2026-03-05,1950-04-20,75,Other,Multiple Races,Not Hispanic or Latino,182.8,117.2,ABC-101 50 mg,Eligible,
ONC-2026-001,ONC-0115,7,2026-06-15,1977-10-15,48,Not Reported,Multiple Races,Hispanic or Latino,193.9,110.9,ABC-101 100 mg,Eligible,
ONC-2026-001,ONC-0116,8,2026-05-30,1970-10-13,55,Other,American Indian or Alaska Native,Not Hispanic or Latino,167.4,74.5,ABC-101 100 mg,Eligible,
ONC-2026-001,ONC-0117,1,2026-04-03,1976-08-02,49,Male,Not Reported,Not Reported,163.2,118.3,ABC-101 50 mg,Eligible,
ONC-2026-001,ONC-0118,6,2026-04-21,1966-07-10,59,Other,American Indian or Alaska Native,Hispanic or Latino,159.8,55.5,ABC-101 50 mg,Eligible,
ONC-2026-001,ONC-0119,6,2026-06-08,1984-08-04,41,Male,Black or African American,Hispanic or Latino,154.9,79.3,ABC-101 50 mg,Eligible,
ONC-2026-001,ONC-0120,2,2026-01-27,2000-02-19,25,Not Reported,American Indian or Alaska Native,Hispanic or Latino,169.8,108.4,Placebo,Eligible,
ONC-2026-001,ONC-0121,5,2026-04-15,1973-09-22,52,Not Reported,Asian,Hispanic or Latino,168.7,60.5,Placebo,Not Eligible,Eligibility criteria not satisfied
ONC-2026-001,ONC-0122,3,2026-06-05,1975-12-02,50,Male,Native Hawaiian or Other Pacific Islander,Not Reported,168.6,83.5,Placebo,Eligible,
ONC-2026-001,ONC-0123,1,2026-03-15,1999-02-26,27,Female,Native Hawaiian or Other Pacific Islander,Hispanic or Latino,162.1,101.8,Placebo,Eligible,
ONC-2026-001,ONC-0124,4,2026-03-24,1960-12-10,65,Male,American Indian or Alaska Native,Hispanic or Latino,171.0,55.4,ABC-101 100 mg,Not Eligible,Did not meet inclusion criteria
ONC-2026-001,ONC-0125,6,2026-05-28,1992-02-09,34,Female,Asian,Not Hispanic or Latino,161.5,71.3,Placebo,Eligible,
ONC-2026-001,ONC-0126,9,2026-01-19,1994-04-15,31,Other,Not Reported,Hispanic or Latino,157.7,63.6,ABC-101 100 mg,Eligible,
ONC-2026-001,ONC-0127,7,2026-03-06,1987-11-16,38,Other,Asian,Hispanic or Latino,184.2,115.7,ABC-101 100 mg,Eligible,
ONC-2026-001,ONC-0128,10,2026-02-04,1989-05-26,36,Male,White,Not Hispanic or Latino,188.1,65.8,ABC-101 100 mg,Eligible,
ONC-2026-001,ONC-0129,1,2026-03-20,1959-05-15,66,Not Reported,Not Reported,Not Reported,154.7,71.5,ABC-101 100 mg,Not Eligible,Did not meet laboratory eligibility criteria
ONC-2026-001,ONC-0130,2,2026-05-03,1970-05-10,55,Female,Multiple Races,Hispanic or Latino,191.7,70.4,ABC-101 100 mg,Eligible,
ONC-2026-001,ONC-0131,4,2026-06-17,1962-09-01,63,Male,Black or African American,Hispanic or Latino,151.2,108.9,ABC-101 50 mg,Eligible,
ONC-2026-001,ONC-0132,9,2026-04-16,1993-06-18,32,Female,American Indian or Alaska Native,Not Hispanic or Latino,187.9,90.3,ABC-101 100 mg,Not Eligible,Did not meet laboratory eligibility criteria
ONC-2026-001,ONC-0133,7,2026-01-16,1990-11-11,35,Other,Asian,Not Reported,192.2,88.8,Placebo,Eligible,
ONC-2026-001,ONC-0134,7,2026-05-18,1998-02-21,28,Male,Native Hawaiian or Other Pacific Islander,Not Hispanic or Latino,192.0,53.7,Placebo,Eligible,
ONC-2026-001,ONC-0135,3,2026-06-18,1980-07-04,45,Other,American Indian or Alaska Native,Not Hispanic or Latino,155.3,79.6,Placebo,Eligible,
ONC-2026-001,ONC-0136,4,2026-04-28,1993-01-04,33,Male,Multiple Races,Not Reported,171.4,62.1,Placebo,Eligible,
ONC-2026-001,ONC-0137,4,2026-06-29,1988-05-06,38,Other,Not Reported,Not Hispanic or Latino,162.9,107.5,Placebo,Eligible,
ONC-2026-001,ONC-0138,2,2026-04-12,1974-06-28,51,Female,White,Not Reported,183.2,90.1,Placebo,Not Eligible,Did not meet laboratory eligibility criteria
ONC-2026-001,ONC-0139,6,2026-03-03,1996-12-28,29,Other,White,Hispanic or Latino,188.5,101.8,ABC-101 50 mg,Eligible,
ONC-2026-001,ONC-0140,3,2026-02-26,1996-04-10,29,Not Reported,Native Hawaiian or Other Pacific Islander,Not Hispanic or Latino,151.9,69.2,Placebo,Eligible,
ONC-2026-001,ONC-0141,5,2026-06-27,1955-11-02,70,Other,Not Reported,Not Hispanic or Latino,165.1,106.7,ABC-101 100 mg,Eligible,
ONC-2026-001,ONC-0142,9,2026-04-21,1997-06-14,28,Male,American Indian or Alaska Native,Not Reported,180.9,58.3,ABC-101 50 mg,Eligible,
ONC-2026-001,ONC-0143,3,2026-03-05,1970-10-11,55,Female,Black or African American,Not Reported,180.3,50.9,ABC-101 100 mg,Not Eligible,Eligibility criteria not satisfied
ONC-2026-001,ONC-0144,5,2026-05-04,1967-08-17,58,Male,Not Reported,Not Reported,155.8,106.3,ABC-101 100 mg,Eligible,
ONC-2026-001,ONC-0145,7,2026-01-24,1989-06-13,36,Male,Multiple Races,Not Reported,150.0,53.8,ABC-101 50 mg,Pending,
ONC-2026-001,ONC-0146,1,2026-06-10,1970-11-05,55,Male,American Indian or Alaska Native,Not Hispanic or Latino,152.3,51.2,ABC-101 50 mg,Eligible,
ONC-2026-001,ONC-0147,1,2026-02-20,1998-10-05,27,Not Reported,Asian,Hispanic or Latino,151.7,81.7,ABC-101 50 mg,Eligible,
ONC-2026-001,ONC-0148,9,2026-05-09,1980-08-23,45,Male,Native Hawaiian or Other Pacific Islander,Not Reported,168.0,55.4,ABC-101 50 mg,Eligible,
ONC-2026-001,ONC-0149,4,2026-04-02,1955-02-01,71,Female,American Indian or Alaska Native,Hispanic or Latino,173.0,116.3,ABC-101 50 mg,Eligible,
ONC-2026-001,ONC-0150,1,2026-06-11,1963-01-01,63,Other,Asian,Not Hispanic or Latino,158.9,81.0,ABC-101 50 mg,Eligible,
ONC-2026-001,ONC-0151,8,2026-01-26,1971-06-06,54,Female,American Indian or Alaska Native,Hispanic or Latino,190.0,59.7,ABC-101 100 mg,Eligible,
ONC-2026-001,ONC-0152,2,2026-02-08,1999-10-28,26,Not Reported,Native Hawaiian or Other Pacific Islander,Hispanic or Latino,188.9,105.1,Placebo,Eligible,
ONC-2026-001,ONC-0153,10,2026-06-08,1960-04-20,66,Male,Multiple Races,Hispanic or Latino,158.8,54.3,ABC-101 50 mg,Pending,
ONC-2026-001,ONC-0154,2,2026-05-12,1976-02-12,50,Male,Asian,Not Reported,188.7,91.6,ABC-101 50 mg,Not Eligible,Did not meet laboratory eligibility criteria
ONC-2026-001,ONC-0155,1,2026-06-20,1975-08-27,50,Other,Black or African American,Not Hispanic or Latino,174.5,72.0,ABC-101 100 mg,Eligible,
ONC-2026-001,ONC-0156,4,2026-03-26,1956-07-16,69,Not Reported,Not Reported,Not Reported,156.6,113.2,ABC-101 100 mg,Eligible,
ONC-2026-001,ONC-0157,4,2026-03-07,1985-12-03,40,Female,Black or African American,Hispanic or Latino,170.5,118.9,Placebo,Pending,
ONC-2026-001,ONC-0158,3,2026-04-07,1966-04-27,59,Not Reported,Native Hawaiian or Other Pacific Islander,Hispanic or Latino,173.3,61.9,ABC-101 50 mg,Pending,
ONC-2026-001,ONC-0159,10,2026-02-14,1950-09-24,75,Female,Multiple Races,Not Reported,164.0,94.2,ABC-101 50 mg,Eligible,
ONC-2026-001,ONC-0160,3,2026-04-14,1960-09-08,65,Not Reported,Multiple Races,Hispanic or Latino,185.3,97.8,Placebo,Eligible,
ONC-2026-001,ONC-0161,6,2026-01-12,1974-01-21,51,Male,White,Not Reported,176.5,88.8,ABC-101 50 mg,Eligible,
ONC-2026-001,ONC-0162,6,2026-01-31,1979-09-02,46,Male,Asian,Hispanic or Latino,183.7,60.0,ABC-101 50 mg,Eligible,
ONC-2026-001,ONC-0163,6,2026-04-22,1996-04-21,30,Not Reported,White,Hispanic or Latino,191.2,77.7,ABC-101 50 mg,Eligible,
ONC-2026-001,ONC-0164,3,2026-01-25,1994-10-13,31,Male,Asian,Hispanic or Latino,158.6,117.3,ABC-101 100 mg,Eligible,
ONC-2026-001,ONC-0165,1,2026-01-06,1960-03-07,65,Not Reported,Not Reported,Not Reported,176.1,92.1,ABC-101 100 mg,Eligible,
ONC-2026-001,ONC-0166,4,2026-02-02,1981-05-25,44,Not Reported,Not Reported,Not Hispanic or Latino,188.7,52.4,ABC-101 50 mg,Eligible,
ONC-2026-001,ONC-0167,6,2026-01-31,1953-12-23,72,Male,Native Hawaiian or Other Pacific Islander,Hispanic or Latino,189.5,100.3,ABC-101 50 mg,Eligible,
ONC-2026-001,ONC-0168,8,2026-01-19,1991-02-06,34,Other,Asian,Hispanic or Latino,178.3,55.1,ABC-101 100 mg,Eligible,
ONC-2026-001,ONC-0169,1,2026-06-02,1985-11-14,40,Male,Not Reported,Hispanic or Latino,164.6,65.2,ABC-101 100 mg,Eligible,
ONC-2026-001,ONC-0170,4,2026-06-10,1951-03-06,75,Other,American Indian or Alaska Native,Hispanic or Latino,154.9,109.0,ABC-101 50 mg,Eligible,
ONC-2026-001,ONC-0171,2,2026-01-22,1967-09-05,58,Other,Not Reported,Hispanic or Latino,186.3,119.0,ABC-101 100 mg,Eligible,
ONC-2026-001,ONC-0172,1,2026-05-16,1958-04-17,68,Not Reported,Multiple Races,Not Reported,153.0,65.9,ABC-101 50 mg,Eligible,
ONC-2026-001,ONC-0173,3,2026-02-17,1961-04-23,64,Not Reported,Asian,Not Hispanic or Latino,185.7,115.7,Placebo,Eligible,
ONC-2026-001,ONC-0174,7,2026-01-12,1968-12-01,57,Other,Black or African American,Hispanic or Latino,162.9,77.1,Placebo,Eligible,
ONC-2026-001,ONC-0175,3,2026-03-07,1958-08-14,67,Other,Not Reported,Hispanic or Latino,178.6,61.0,Placebo,Eligible,
ONC-2026-001,ONC-0176,5,2026-03-07,1996-11-15,29,Not Reported,Native Hawaiian or Other Pacific Islander,Hispanic or Latino,162.4,119.7,Placebo,Eligible,
ONC-2026-001,ONC-0177,4,2026-06-06,1964-07-24,61,Male,Multiple Races,Not Hispanic or Latino,165.3,69.9,ABC-101 100 mg,Eligible,
ONC-2026-001,ONC-0178,8,2026-01-03,1986-07-02,39,Other,Native Hawaiian or Other Pacific Islander,Not Hispanic or Latino,181.3,66.0,Placebo,Eligible,
ONC-2026-001,ONC-0179,10,2026-02-12,1974-09-28,51,Not Reported,Native Hawaiian or Other Pacific Islander,Hispanic or Latino,150.5,103.0,Placebo,Eligible,
ONC-2026-001,ONC-0180,5,2026-03-15,1975-10-10,50,Male,Asian,Not Hispanic or Latino,158.0,71.9,Placebo,Eligible,
ONC-2026-001,ONC-0181,3,2026-04-18,1974-11-01,51,Not Reported,Black or African American,Not Hispanic or Latino,172.7,116.0,ABC-101 100 mg,Eligible,
ONC-2026-001,ONC-0182,5,2026-05-20,1953-08-18,72,Female,American Indian or Alaska Native,Not Reported,192.6,67.4,ABC-101 100 mg,Eligible,
ONC-2026-001,ONC-0183,3,2026-01-09,1987-11-18,38,Not Reported,Native Hawaiian or Other Pacific Islander,Not Reported,165.0,100.8,Placebo,Eligible,
ONC-2026-001,ONC-0184,2,2026-01-29,1950-01-25,76,Not Reported,Native Hawaiian or Other Pacific Islander,Not Reported,151.0,62.3,Placebo,Eligible,
ONC-2026-001,ONC-0185,3,2026-01-04,1981-01-03,45,Not Reported,White,Hispanic or Latino,194.5,86.5,ABC-101 100 mg,Eligible,
ONC-2026-001,ONC-0186,8,2026-05-13,1959-01-23,67,Not Reported,Multiple Races,Hispanic or Latino,162.4,68.7,ABC-101 50 mg,Eligible,
ONC-2026-001,ONC-0187,8,2026-03-11,1977-07-09,48,Female,Asian,Not Reported,159.3,80.2,ABC-101 100 mg,Not Eligible,Did not meet laboratory eligibility criteria
ONC-2026-001,ONC-0188,10,2026-02-10,1955-05-03,70,Other,Not Reported,Hispanic or Latino,188.6,103.2,ABC-101 100 mg,Eligible,
ONC-2026-001,ONC-0189,10,2026-06-18,1975-08-05,50,Other,Not Reported,Hispanic or Latino,152.8,114.5,Placebo,Eligible,
ONC-2026-001,ONC-0190,4,2026-02-25,1960-02-05,66,Not Reported,Multiple Races,Not Hispanic or Latino,173.0,116.2,ABC-101 50 mg,Not Eligible,Did not meet inclusion criteria
ONC-2026-001,ONC-0191,8,2026-01-23,1964-09-07,61,Male,Asian,Not Reported,162.3,115.0,ABC-101 50 mg,Eligible,
ONC-2026-001,ONC-0192,1,2026-06-21,1958-11-24,67,Other,Asian,Not Reported,158.1,84.4,ABC-101 50 mg,Eligible,
ONC-2026-001,ONC-0193,6,2026-05-07,1986-09-07,39,Not Reported,American Indian or Alaska Native,Not Hispanic or Latino,181.4,65.2,ABC-101 100 mg,Eligible,
ONC-2026-001,ONC-0194,1,2026-04-20,1996-05-11,29,Male,Not Reported,Hispanic or Latino,153.5,76.2,ABC-101 100 mg,Eligible,
ONC-2026-001,ONC-0195,10,2026-04-21,1973-11-18,52,Other,Black or African American,Not Reported,184.3,53.2,ABC-101 100 mg,Eligible,
ONC-2026-001,ONC-0196,9,2026-03-24,1957-05-18,68,Male,American Indian or Alaska Native,Hispanic or Latino,159.3,66.7,ABC-101 100 mg,Eligible,
ONC-2026-001,ONC-0197,5,2026-06-24,1951-09-23,74,Female,Native Hawaiian or Other Pacific Islander,Not Reported,182.8,55.0,ABC-101 100 mg,Eligible,
ONC-2026-001,ONC-0198,10,2026-04-18,1954-01-03,72,Male,American Indian or Alaska Native,Not Reported,181.9,113.6,ABC-101 100 mg,Eligible,
ONC-2026-001,ONC-0199,5,2026-03-09,1969-07-03,56,Other,American Indian or Alaska Native,Not Hispanic or Latino,192.2,74.4,Placebo,Eligible,
ONC-2026-001,ONC-0200,3,2026-01-18,1953-11-06,72,Other,Black or African American,Not Reported,188.6,52.7,Placebo,Eligible,
ONC-2026-001,ONC-0201,3,2026-06-16,1954-09-21,71,Male,Black or African American,Not Reported,177.2,67.5,ABC-101 50 mg,Eligible,
ONC-2026-001,ONC-0202,3,2026-02-26,1981-11-08,44,Female,Multiple Races,Not Hispanic or Latino,179.1,103.0,Placebo,Eligible,
ONC-2026-001,ONC-0203,2,2026-04-17,1983-06-10,42,Female,Black or African American,Not Hispanic or Latino,163.7,113.1,Placebo,Eligible,
ONC-2026-001,ONC-0204,10,2026-03-10,1988-09-02,37,Not Reported,Black or African American,Not Hispanic or Latino,173.5,74.8,ABC-101 100 mg,Eligible,
ONC-2026-001,ONC-0205,3,2026-03-25,1961-09-09,64,Other,Not Reported,Not Hispanic or Latino,153.4,86.5,ABC-101 100 mg,Eligible,
ONC-2026-001,ONC-0206,5,2026-01-08,1991-06-13,34,Male,Asian,Not Hispanic or Latino,172.3,75.3,ABC-101 100 mg,Eligible,
ONC-2026-001,ONC-0207,5,2026-02-10,1976-11-13,49,Male,Multiple Races,Not Hispanic or Latino,179.5,67.2,ABC-101 100 mg,Eligible,
ONC-2026-001,ONC-0208,2,2026-03-11,1964-12-01,61,Not Reported,Black or African American,Not Hispanic or Latino,170.3,77.0,Placebo,Eligible,
ONC-2026-001,ONC-0209,9,2026-05-13,1991-07-21,34,Male,White,Hispanic or Latino,163.9,105.7,Placebo,Eligible,
ONC-2026-001,ONC-0210,9,2026-04-21,1954-04-21,72,Other,American Indian or Alaska Native,Not Hispanic or Latino,177.7,72.0,ABC-101 50 mg,Eligible,
ONC-2026-001,ONC-0211,5,2026-02-18,1987-11-28,38,Other,Black or African American,Not Reported,168.1,103.2,Placebo,Eligible,
ONC-2026-001,ONC-0212,8,2026-03-31,1974-08-18,51,Male,Native Hawaiian or Other Pacific Islander,Hispanic or Latino,193.3,69.6,ABC-101 100 mg,Eligible,
ONC-2026-001,ONC-0213,2,2026-02-13,1959-01-06,67,Other,White,Not Hispanic or Latino,155.8,118.9,Placebo,Eligible,
ONC-2026-001,ONC-0214,3,2026-06-22,1973-11-15,52,Not Reported,White,Hispanic or Latino,187.4,76.5,Placebo,Eligible,
ONC-2026-001,ONC-0215,5,2026-05-27,1986-10-13,39,Male,Native Hawaiian or Other Pacific Islander,Not Reported,170.6,110.8,Placebo,Eligible,
ONC-2026-001,ONC-0216,8,2026-03-28,1976-07-01,49,Other,Black or African American,Not Hispanic or Latino,178.9,63.4,Placebo,Eligible,
ONC-2026-001,ONC-0217,7,2026-05-06,1953-09-18,72,Not Reported,White,Not Hispanic or Latino,158.5,77.4,ABC-101 50 mg,Eligible,
ONC-2026-001,ONC-0218,5,2026-05-13,1979-02-16,47,Not Reported,Black or African American,Not Reported,190.4,63.9,Placebo,Eligible,
ONC-2026-001,ONC-0219,4,2026-02-05,1950-02-19,75,Male,Native Hawaiian or Other Pacific Islander,Hispanic or Latino,187.5,93.2,ABC-101 50 mg,Eligible,
ONC-2026-001,ONC-0220,8,2026-03-29,1952-06-17,73,Male,Native Hawaiian or Other Pacific Islander,Not Hispanic or Latino,171.0,118.4,ABC-101 100 mg,Eligible,
ONC-2026-001,ONC-0221,6,2026-05-02,1987-02-01,39,Male,Not Reported,Not Hispanic or Latino,176.2,90.3,Placebo,Eligible,
ONC-2026-001,ONC-0222,9,2026-02-18,1958-08-03,67,Not Reported,Not Reported,Not Hispanic or Latino,164.1,58.7,Placebo,Eligible,
ONC-2026-001,ONC-0223,6,2026-01-31,1957-06-19,68,Female,Native Hawaiian or Other Pacific Islander,Not Reported,173.1,63.2,ABC-101 100 mg,Eligible,
ONC-2026-001,ONC-0224,5,2026-05-04,1954-05-15,71,Female,Asian,Hispanic or Latino,154.1,117.8,ABC-101 100 mg,Eligible,
ONC-2026-001,ONC-0225,9,2026-05-05,1980-02-08,46,Female,Multiple Races,Not Hispanic or Latino,162.2,111.2,ABC-101 50 mg,Eligible,
ONC-2026-001,ONC-0226,1,2026-05-27,1999-07-09,26,Female,White,Hispanic or Latino,163.9,115.2,ABC-101 50 mg,Eligible,
ONC-2026-001,ONC-0227,5,2026-02-24,1962-06-19,63,Male,Not Reported,Not Reported,190.5,64.5,Placebo,Eligible,
ONC-2026-001,ONC-0228,5,2026-06-28,1989-06-26,37,Not Reported,Black or African American,Not Hispanic or Latino,153.3,104.8,Placebo,Eligible,
ONC-2026-001,ONC-0229,3,2026-06-16,1980-02-05,46,Other,Multiple Races,Hispanic or Latino,151.1,100.4,ABC-101 100 mg,Eligible,
ONC-2026-001,ONC-0230,7,2026-04-05,1954-02-27,72,Not Reported,Asian,Not Hispanic or Latino,190.7,93.7,ABC-101 100 mg,Eligible,
ONC-2026-001,ONC-0231,6,2026-06-06,1953-03-16,73,Male,American Indian or Alaska Native,Not Reported,166.2,87.7,ABC-101 100 mg,Eligible,
ONC-2026-001,ONC-0232,10,2026-03-20,1977-01-11,49,Other,American Indian or Alaska Native,Not Reported,173.0,53.6,Placebo,Eligible,
ONC-2026-001,ONC-0233,2,2026-03-21,1974-06-28,51,Other,Black or African American,Not Hispanic or Latino,184.5,99.1,ABC-101 50 mg,Eligible,
ONC-2026-001,ONC-0234,9,2026-05-18,1983-04-02,43,Female,Asian,Not Hispanic or Latino,182.3,67.9,ABC-101 50 mg,Eligible,
ONC-2026-001,ONC-0235,9,2026-02-13,1964-04-17,61,Other,Asian,Hispanic or Latino,185.7,73.8,Placebo,Eligible,
ONC-2026-001,ONC-0236,1,2026-06-27,1977-02-20,49,Female,Asian,Not Hispanic or Latino,166.6,66.3,ABC-101 100 mg,Eligible,
ONC-2026-001,ONC-0237,4,2026-03-09,1968-08-09,57,Other,Multiple Races,Not Hispanic or Latino,153.6,117.2,Placebo,Eligible,
ONC-2026-001,ONC-0238,6,2026-06-08,1990-04-24,36,Female,White,Not Reported,153.9,53.2,Placebo,Eligible,
ONC-2026-001,ONC-0239,7,2026-01-24,1990-04-23,35,Not Reported,Asian,Hispanic or Latino,179.5,81.3,ABC-101 50 mg,Eligible,
ONC-2026-001,ONC-0240,7,2026-05-11,1950-06-16,75,Not Reported,American Indian or Alaska Native,Not Hispanic or Latino,183.0,57.9,Placebo,Eligible,
ONC-2026-001,ONC-0241,9,2026-02-25,1999-12-28,26,Not Reported,Native Hawaiian or Other Pacific Islander,Hispanic or Latino,156.5,66.7,Placebo,Eligible,
ONC-2026-001,ONC-0242,3,2026-03-29,1980-06-23,45,Female,Native Hawaiian or Other Pacific Islander,Hispanic or Latino,182.7,83.0,ABC-101 50 mg,Eligible,
ONC-2026-001,ONC-0243,10,2026-01-13,1984-07-06,41,Not Reported,Native Hawaiian or Other Pacific Islander,Hispanic or Latino,155.9,69.2,ABC-101 100 mg,Eligible,
ONC-2026-001,ONC-0244,8,2026-03-17,1964-07-21,61,Male,Black or African American,Hispanic or Latino,155.4,70.3,Placebo,Eligible,
ONC-2026-001,ONC-0245,3,2026-04-14,1955-05-22,70,Female,Asian,Not Hispanic or Latino,192.8,57.2,ABC-101 100 mg,Eligible,
ONC-2026-001,ONC-0246,2,2026-04-12,1991-06-16,34,Not Reported,Native Hawaiian or Other Pacific Islander,Not Reported,185.7,96.3,ABC-101 50 mg,Not Eligible,Did not meet inclusion criteria
ONC-2026-001,ONC-0247,6,2026-05-24,1993-12-03,32,Other,White,Not Reported,184.7,86.4,ABC-101 50 mg,Eligible,
ONC-2026-001,ONC-0248,1,2026-04-25,1980-01-20,46,Male,Asian,Hispanic or Latino,170.2,84.9,ABC-101 100 mg,Eligible,
ONC-2026-001,ONC-0249,7,2026-06-02,1974-08-13,51,Other,Black or African American,Not Hispanic or Latino,176.8,115.7,ABC-101 50 mg,Eligible,
ONC-2026-001,ONC-0250,9,2026-05-29,1992-02-15,34,Not Reported,Multiple Races,Not Hispanic or Latino,181.7,63.2,ABC-101 100 mg,Eligible,
ONC-2026-001,ONC-0251,4,2026-04-10,1970-12-19,55,Not Reported,Multiple Races,Not Hispanic or Latino,151.9,80.5,Placebo,Eligible,
ONC-2026-001,ONC-0252,8,2026-03-27,1967-12-15,58,Other,American Indian or Alaska Native,Not Hispanic or Latino,194.6,84.5,Placebo,Eligible,
ONC-2026-001,ONC-0253,4,2026-04-28,1968-11-25,57,Female,Native Hawaiian or Other Pacific Islander,Not Reported,167.5,108.0,ABC-101 50 mg,Not Eligible,Did not meet laboratory eligibility criteria
ONC-2026-001,ONC-0254,5,2026-04-11,1956-09-03,69,Male,Not Reported,Not Reported,186.9,66.4,ABC-101 50 mg,Eligible,
ONC-2026-001,ONC-0255,3,2026-01-14,1970-05-01,55,Other,White,Hispanic or Latino,166.8,62.6,ABC-101 100 mg,Eligible,
ONC-2026-001,ONC-0256,8,2026-01-06,1979-09-23,46,Other,Black or African American,Not Reported,192.8,64.0,Placebo,Eligible,
ONC-2026-001,ONC-0257,8,2026-03-01,1976-08-12,49,Male,Not Reported,Hispanic or Latino,189.9,116.4,Placebo,Eligible,
ONC-2026-001,ONC-0258,6,2026-06-11,1970-12-22,55,Not Reported,Black or African American,Hispanic or Latino,169.8,102.7,ABC-101 50 mg,Eligible,
ONC-2026-001,ONC-0259,1,2026-01-14,1955-03-02,70,Female,Native Hawaiian or Other Pacific Islander,Not Hispanic or Latino,192.7,81.0,ABC-101 100 mg,Eligible,
ONC-2026-001,ONC-0260,8,2026-06-18,1977-07-14,48,Not Reported,American Indian or Alaska Native,Not Hispanic or Latino,176.7,83.8,ABC-101 50 mg,Eligible,
ONC-2026-001,ONC-0261,5,2026-05-20,1986-02-19,40,Other,American Indian or Alaska Native,Not Reported,187.9,64.8,Placebo,Not Eligible,Did not meet laboratory eligibility criteria
ONC-2026-001,ONC-0262,10,2026-06-26,1979-05-20,47,Not Reported,Asian,Hispanic or Latino,163.7,101.4,Placebo,Eligible,
ONC-2026-001,ONC-0263,5,2026-04-25,1957-09-10,68,Male,Native Hawaiian or Other Pacific Islander,Not Reported,157.2,105.4,Placebo,Eligible,
ONC-2026-001,ONC-0264,6,2026-01-10,1969-04-20,56,Not Reported,Not Reported,Not Hispanic or Latino,163.4,116.9,ABC-101 100 mg,Eligible,
ONC-2026-001,ONC-0265,10,2026-04-19,1952-08-14,73,Female,White,Not Hispanic or Latino,164.1,74.4,Placebo,Eligible,
ONC-2026-001,ONC-0266,1,2026-03-16,1980-01-17,46,Not Reported,Native Hawaiian or Other Pacific Islander,Hispanic or Latino,182.6,83.7,ABC-101 50 mg,Eligible,
ONC-2026-001,ONC-0267,10,2026-06-21,1986-08-23,39,Male,Native Hawaiian or Other Pacific Islander,Hispanic or Latino,193.0,59.4,ABC-101 100 mg,Eligible,
ONC-2026-001,ONC-0268,5,2026-05-26,1961-02-22,65,Not Reported,Not Reported,Not Reported,151.2,88.7,Placebo,Eligible,
ONC-2026-001,ONC-0269,5,2026-03-28,1997-05-19,28,Female,White,Not Reported,183.5,106.3,ABC-101 100 mg,Eligible,
ONC-2026-001,ONC-0270,3,2026-02-04,1960-11-11,65,Male,Multiple Races,Not Hispanic or Latino,193.9,102.6,ABC-101 50 mg,Not Eligible,Eligibility criteria not satisfied
ONC-2026-001,ONC-0271,8,2026-04-19,1952-05-07,73,Other,Asian,Not Reported,154.0,81.0,ABC-101 50 mg,Eligible,
ONC-2026-001,ONC-0272,9,2026-02-19,1988-10-26,37,Other,Native Hawaiian or Other Pacific Islander,Not Reported,191.8,57.0,Placebo,Pending,
ONC-2026-001,ONC-0273,3,2026-01-20,1951-05-17,74,Male,American Indian or Alaska Native,Hispanic or Latino,191.2,107.1,ABC-101 100 mg,Eligible,
ONC-2026-001,ONC-0274,8,2026-04-04,1962-01-02,64,Other,American Indian or Alaska Native,Hispanic or Latino,189.0,92.8,Placebo,Pending,
ONC-2026-001,ONC-0275,8,2026-04-06,1978-05-17,47,Not Reported,White,Hispanic or Latino,151.6,55.2,Placebo,Eligible,
ONC-2026-001,ONC-0276,3,2026-02-21,1958-01-20,68,Female,American Indian or Alaska Native,Not Hispanic or Latino,166.9,68.7,ABC-101 100 mg,Eligible,
ONC-2026-001,ONC-0277,8,2026-01-21,1958-04-16,67,Not Reported,Asian,Not Reported,181.9,108.3,ABC-101 50 mg,Eligible,
ONC-2026-001,ONC-0278,5,2026-03-31,1965-04-03,60,Not Reported,American Indian or Alaska Native,Not Reported,174.9,68.4,ABC-101 100 mg,Eligible,
ONC-2026-001,ONC-0279,4,2026-04-24,1975-01-02,51,Male,Asian,Hispanic or Latino,158.2,93.9,Placebo,Eligible,
ONC-2026-001,ONC-0280,7,2026-01-30,1959-01-21,67,Other,Black or African American,Not Reported,178.5,108.1,Placebo,Eligible,
ONC-2026-001,ONC-0281,3,2026-03-26,1951-08-22,74,Male,American Indian or Alaska Native,Not Hispanic or Latino,168.4,81.2,ABC-101 50 mg,Eligible,
ONC-2026-001,ONC-0282,7,2026-04-01,1994-03-09,32,Male,Asian,Not Reported,179.3,57.0,ABC-101 100 mg,Eligible,
ONC-2026-001,ONC-0283,7,2026-06-18,1998-03-02,28,Female,Asian,Not Hispanic or Latino,184.5,118.0,Placebo,Eligible,
ONC-2026-001,ONC-0284,3,2026-05-02,1956-07-26,69,Female,Asian,Not Reported,156.2,73.0,ABC-101 50 mg,Not Eligible,Did not meet inclusion criteria
ONC-2026-001,ONC-0285,10,2026-03-17,1997-10-06,28,Other,Black or African American,Hispanic or Latino,194.6,111.4,ABC-101 50 mg,Eligible,
ONC-2026-001,ONC-0286,4,2026-03-23,1980-12-16,45,Female,American Indian or Alaska Native,Hispanic or Latino,192.4,88.5,ABC-101 50 mg,Eligible,
ONC-2026-001,ONC-0287,6,2026-04-26,1997-10-25,28,Not Reported,American Indian or Alaska Native,Not Reported,188.2,72.7,ABC-101 50 mg,Eligible,
ONC-2026-001,ONC-0288,6,2026-04-03,1959-02-21,67,Male,Not Reported,Hispanic or Latino,185.0,78.7,ABC-101 100 mg,Eligible,
ONC-2026-001,ONC-0289,9,2026-06-12,1970-05-02,56,Male,Multiple Races,Not Hispanic or Latino,190.2,82.3,ABC-101 50 mg,Eligible,
ONC-2026-001,ONC-0290,2,2026-01-19,1961-11-04,64,Male,Native Hawaiian or Other Pacific Islander,Not Reported,161.9,74.5,Placebo,Eligible,
ONC-2026-001,ONC-0291,5,2026-06-12,1954-10-11,71,Not Reported,American Indian or Alaska Native,Not Reported,184.9,69.2,ABC-101 50 mg,Eligible,
ONC-2026-001,ONC-0292,4,2026-06-01,1969-04-21,57,Other,White,Hispanic or Latino,188.4,113.5,Placebo,Eligible,
ONC-2026-001,ONC-0293,1,2026-01-18,1966-08-18,59,Other,White,Not Reported,179.5,52.4,ABC-101 100 mg,Eligible,
ONC-2026-001,ONC-0294,5,2026-06-01,1954-09-01,71,Other,Multiple Races,Hispanic or Latino,165.2,102.3,ABC-101 50 mg,Eligible,
ONC-2026-001,ONC-0295,10,2026-04-10,1970-03-02,56,Male,Asian,Not Reported,163.3,86.9,ABC-101 50 mg,Eligible,
ONC-2026-001,ONC-0296,4,2026-03-21,1952-08-13,73,Other,American Indian or Alaska Native,Not Hispanic or Latino,155.7,90.6,ABC-101 100 mg,Eligible,
ONC-2026-001,ONC-0297,4,2026-03-01,1974-06-13,51,Female,Multiple Races,Not Reported,152.8,57.8,ABC-101 50 mg,Eligible,
ONC-2026-001,ONC-0298,8,2026-03-24,1964-01-16,62,Male,Not Reported,Not Reported,185.4,100.2,Placebo,Eligible,
ONC-2026-001,ONC-0299,4,2026-05-08,1988-02-01,38,Male,Native Hawaiian or Other Pacific Islander,Hispanic or Latino,190.4,58.7,ABC-101 100 mg,Eligible,
ONC-2026-001,ONC-0300,5,2026-03-23,1987-10-10,38,Male,Black or African American,Not Hispanic or Latino,156.4,100.0,Placebo,Eligible,
ONC-2026-001,ONC-0301,4,2026-01-24,1962-10-01,63,Male,Multiple Races,Not Reported,182.4,79.9,Placebo,Eligible,
ONC-2026-001,ONC-0302,9,2026-01-30,1983-07-20,42,Other,Multiple Races,Hispanic or Latino,167.7,113.7,ABC-101 100 mg,Eligible,
ONC-2026-001,ONC-0303,2,2026-02-24,1961-05-20,64,Not Reported,Multiple Races,Not Hispanic or Latino,190.1,107.2,Placebo,Eligible,
ONC-2026-001,ONC-0304,8,2026-05-27,1987-06-21,38,Male,Native Hawaiian or Other Pacific Islander,Not Reported,162.4,70.6,ABC-101 50 mg,Eligible,
ONC-2026-001,ONC-0305,1,2026-05-08,1979-03-23,47,Other,Not Reported,Not Hispanic or Latino,164.6,75.6,Placebo,Eligible,
ONC-2026-001,ONC-0306,1,2026-01-09,1998-09-08,27,Male,Asian,Not Hispanic or Latino,166.6,90.3,ABC-101 100 mg,Eligible,
ONC-2026-001,ONC-0307,8,2026-03-29,1952-08-15,73,Not Reported,Asian,Not Reported,162.2,105.8,ABC-101 100 mg,Eligible,
ONC-2026-001,ONC-0308,4,2026-05-12,1956-06-19,69,Not Reported,Black or African American,Not Reported,183.2,52.5,Placebo,Eligible,
ONC-2026-001,ONC-0309,1,2026-05-01,1971-02-06,55,Female,White,Not Reported,151.2,100.4,ABC-101 100 mg,Eligible,
ONC-2026-001,ONC-0310,10,2026-01-16,1965-07-28,60,Female,Black or African American,Not Hispanic or Latino,163.1,107.9,Placebo,Eligible,
ONC-2026-001,ONC-0311,6,2026-06-18,1995-08-05,30,Male,Asian,Hispanic or Latino,166.8,80.0,Placebo,Eligible,
ONC-2026-001,ONC-0312,7,2026-04-28,1974-06-01,51,Other,Multiple Races,Hispanic or Latino,168.4,114.4,Placebo,Eligible,
ONC-2026-001,ONC-0313,4,2026-03-03,1991-11-14,34,Not Reported,Black or African American,Hispanic or Latino,173.3,71.8,ABC-101 50 mg,Eligible,
ONC-2026-001,ONC-0314,7,2026-05-14,1971-09-24,54,Female,Black or African American,Hispanic or Latino,186.8,73.5,ABC-101 100 mg,Eligible,
ONC-2026-001,ONC-0315,4,2026-03-06,1987-07-28,38,Male,Asian,Hispanic or Latino,172.1,60.6,Placebo,Eligible,
ONC-2026-001,ONC-0316,2,2026-03-02,1956-08-18,69,Other,Multiple Races,Not Hispanic or Latino,153.4,53.2,ABC-101 100 mg,Eligible,
ONC-2026-001,ONC-0317,10,2026-01-31,1984-09-09,41,Not Reported,White,Not Hispanic or Latino,165.2,62.0,Placebo,Eligible,
ONC-2026-001,ONC-0318,3,2026-05-16,1971-04-20,55,Other,White,Not Reported,194.0,63.7,Placebo,Eligible,
ONC-2026-001,ONC-0319,7,2026-06-09,1998-04-04,28,Male,White,Not Hispanic or Latino,154.5,54.9,Placebo,Not Eligible,Did not meet inclusion criteria
ONC-2026-001,ONC-0320,3,2026-04-27,1981-06-28,44,Female,American Indian or Alaska Native,Not Hispanic or Latino,194.8,56.3,ABC-101 100 mg,Eligible,
ONC-2026-001,ONC-0321,2,2026-03-01,1967-04-23,58,Other,Multiple Races,Not Reported,167.2,118.4,Placebo,Eligible,
ONC-2026-001,ONC-0322,1,2026-04-03,1970-05-18,55,Other,Not Reported,Not Reported,168.8,94.7,ABC-101 50 mg,Eligible,
ONC-2026-001,ONC-0323,9,2026-04-10,1956-07-22,69,Female,Black or African American,Not Reported,175.8,100.7,ABC-101 100 mg,Eligible,
ONC-2026-001,ONC-0324,6,2026-01-03,1979-02-07,46,Other,Asian,Not Reported,194.4,89.4,ABC-101 50 mg,Eligible,
ONC-2026-001,ONC-0325,9,2026-04-14,1964-07-24,61,Not Reported,Multiple Races,Not Reported,188.8,53.5,ABC-101 100 mg,Eligible,
ONC-2026-001,ONC-0326,4,2026-06-14,1972-10-14,53,Other,White,Not Hispanic or Latino,156.7,108.9,Placebo,Eligible,
ONC-2026-001,ONC-0327,9,2026-05-22,1996-02-05,30,Male,Native Hawaiian or Other Pacific Islander,Not Reported,162.1,93.2,ABC-101 50 mg,Eligible,
ONC-2026-001,ONC-0328,2,2026-01-07,1950-06-23,75,Female,Not Reported,Not Hispanic or Latino,175.6,53.0,ABC-101 100 mg,Eligible,
ONC-2026-001,ONC-0329,5,2026-02-09,1988-04-01,37,Female,Black or African American,Hispanic or Latino,150.5,50.9,ABC-101 50 mg,Eligible,
ONC-2026-001,ONC-0330,5,2026-03-17,1968-11-17,57,Not Reported,American Indian or Alaska Native,Not Hispanic or Latino,192.5,55.5,Placebo,Eligible,
ONC-2026-001,ONC-0331,7,2026-04-27,1999-09-25,26,Female,American Indian or Alaska Native,Not Reported,189.6,75.2,Placebo,Eligible,
ONC-2026-001,ONC-0332,2,2026-03-11,1970-04-01,55,Female,Black or African American,Not Hispanic or Latino,163.5,94.0,ABC-101 50 mg,Eligible,
ONC-2026-001,ONC-0333,8,2026-06-12,1998-05-01,28,Other,Black or African American,Not Hispanic or Latino,165.1,90.6,ABC-101 50 mg,Eligible,
ONC-2026-001,ONC-0334,1,2026-03-11,1976-09-16,49,Male,American Indian or Alaska Native,Not Reported,155.5,72.0,Placebo,Eligible,
ONC-2026-001,ONC-0335,8,2026-05-17,1989-08-21,36,Other,White,Not Hispanic or Latino,183.8,53.5,ABC-101 100 mg,Eligible,
ONC-2026-001,ONC-0336,9,2026-04-17,1985-05-03,40,Not Reported,White,Not Hispanic or Latino,177.3,90.9,Placebo,Eligible,
ONC-2026-001,ONC-0337,1,2026-04-30,1967-09-20,58,Male,White,Not Hispanic or Latino,176.4,56.4,ABC-101 50 mg,Eligible,
ONC-2026-001,ONC-0338,5,2026-04-16,1970-10-18,55,Not Reported,Black or African American,Not Reported,163.8,97.1,ABC-101 100 mg,Eligible,
ONC-2026-001,ONC-0339,6,2026-05-08,1962-05-17,63,Male,Asian,Hispanic or Latino,170.8,119.5,ABC-101 50 mg,Eligible,
ONC-2026-001,ONC-0340,3,2026-06-07,1975-04-09,51,Not Reported,Native Hawaiian or Other Pacific Islander,Not Reported,178.0,77.0,ABC-101 100 mg,Eligible,
ONC-2026-001,ONC-0341,2,2026-03-08,1982-07-24,43,Male,Multiple Races,Hispanic or Latino,162.3,107.7,ABC-101 50 mg,Eligible,
ONC-2026-001,ONC-0342,8,2026-03-11,1965-09-23,60,Male,Asian,Hispanic or Latino,187.4,84.6,ABC-101 100 mg,Eligible,
ONC-2026-001,ONC-0343,4,2026-03-10,1957-10-02,68,Female,Multiple Races,Hispanic or Latino,172.5,55.8,ABC-101 50 mg,Eligible,
ONC-2026-001,ONC-0344,5,2026-03-01,1992-03-20,33,Not Reported,Not Reported,Not Reported,178.2,79.3,ABC-101 50 mg,Eligible,
ONC-2026-001,ONC-0345,7,2026-03-09,1958-12-16,67,Male,Black or African American,Not Hispanic or Latino,188.5,72.7,ABC-101 50 mg,Eligible,
ONC-2026-001,ONC-0346,10,2026-06-27,1971-01-16,55,Female,White,Hispanic or Latino,175.6,116.1,ABC-101 50 mg,Eligible,
ONC-2026-001,ONC-0347,2,2026-02-22,1954-08-27,71,Male,Not Reported,Not Reported,152.2,100.5,ABC-101 100 mg,Eligible,
ONC-2026-001,ONC-0348,5,2026-06-14,1981-02-19,45,Not Reported,Multiple Races,Not Hispanic or Latino,174.7,58.3,Placebo,Eligible,
ONC-2026-001,ONC-0349,9,2026-03-30,1950-10-27,75,Female,Black or African American,Not Reported,157.9,65.1,ABC-101 100 mg,Eligible,
ONC-2026-001,ONC-0350,6,2026-03-19,1954-09-15,71,Female,Black or African American,Not Reported,157.6,117.0,ABC-101 100 mg,Eligible,
ONC-2026-001,ONC-0351,2,2026-02-13,1954-03-15,71,Not Reported,White,Hispanic or Latino,169.2,83.8,ABC-101 50 mg,Eligible,
ONC-2026-001,ONC-0352,8,2026-06-27,1992-05-09,34,Not Reported,Not Reported,Not Hispanic or Latino,154.6,99.1,Placebo,Eligible,
ONC-2026-001,ONC-0353,8,2026-06-09,1953-09-03,72,Not Reported,Asian,Not Hispanic or Latino,157.9,85.0,ABC-101 50 mg,Not Eligible,Did not meet laboratory eligibility criteria
ONC-2026-001,ONC-0354,6,2026-03-08,1982-12-23,43,Not Reported,American Indian or Alaska Native,Not Reported,174.1,95.4,Placebo,Eligible,
ONC-2026-001,ONC-0355,3,2026-06-15,1960-04-06,66,Other,Black or African American,Not Hispanic or Latino,164.6,50.2,ABC-101 100 mg,Eligible,
ONC-2026-001,ONC-0356,5,2026-03-20,1959-06-08,66,Male,Not Reported,Hispanic or Latino,150.3,118.0,Placebo,Eligible,
ONC-2026-001,ONC-0357,2,2026-02-06,1987-05-07,38,Female,Multiple Races,Hispanic or Latino,184.6,69.5,ABC-101 100 mg,Eligible,
ONC-2026-001,ONC-0358,4,2026-06-30,1983-03-07,43,Female,White,Hispanic or Latino,172.0,71.0,Placebo,Eligible,
ONC-2026-001,ONC-0359,2,2026-02-14,1961-09-05,64,Female,Asian,Not Reported,162.9,88.8,ABC-101 100 mg,Eligible,
ONC-2026-001,ONC-0360,4,2026-01-05,1966-07-25,59,Other,Asian,Hispanic or Latino,176.1,102.9,ABC-101 100 mg,Eligible,
ONC-2026-001,ONC-0361,9,2026-03-29,1970-11-09,55,Not Reported,White,Hispanic or Latino,185.1,71.4,ABC-101 100 mg,Eligible,
ONC-2026-001,ONC-0362,9,2026-06-10,1965-10-19,60,Male,White,Not Hispanic or Latino,154.5,80.4,ABC-101 100 mg,Eligible,
ONC-2026-001,ONC-0363,4,2026-02-15,1950-08-14,75,Other,Multiple Races,Hispanic or Latino,167.5,77.5,ABC-101 100 mg,Eligible,
ONC-2026-001,ONC-0364,10,2026-06-28,1976-02-16,50,Other,American Indian or Alaska Native,Not Hispanic or Latino,190.4,93.2,ABC-101 100 mg,Eligible,
ONC-2026-001,ONC-0365,7,2026-04-05,1967-03-14,59,Male,Multiple Races,Not Hispanic or Latino,158.7,66.8,ABC-101 100 mg,Eligible,
ONC-2026-001,ONC-0366,8,2026-03-24,1986-02-04,40,Other,American Indian or Alaska Native,Not Reported,184.4,52.1,ABC-101 50 mg,Eligible,
ONC-2026-001,ONC-0367,4,2026-01-26,1954-02-09,71,Other,Black or African American,Not Reported,187.6,102.8,Placebo,Eligible,
ONC-2026-001,ONC-0368,10,2026-06-22,1981-02-18,45,Male,Native Hawaiian or Other Pacific Islander,Not Hispanic or Latino,170.0,64.5,ABC-101 50 mg,Eligible,
ONC-2026-001,ONC-0369,7,2026-06-06,1966-04-06,60,Other,Black or African American,Not Hispanic or Latino,167.1,94.2,ABC-101 50 mg,Eligible,
ONC-2026-001,ONC-0370,6,2026-01-03,1950-07-05,75,Male,American Indian or Alaska Native,Hispanic or Latino,175.4,108.3,ABC-101 100 mg,Eligible,
ONC-2026-001,ONC-0371,4,2026-02-09,1990-06-28,35,Male,American Indian or Alaska Native,Not Reported,191.7,118.2,Placebo,Eligible,
ONC-2026-001,ONC-0372,3,2026-04-09,1991-12-08,34,Female,Multiple Races,Not Reported,168.2,107.5,Placebo,Eligible,
ONC-2026-001,ONC-0373,5,2026-05-19,1999-01-16,27,Not Reported,Multiple Races,Not Reported,153.4,111.5,ABC-101 50 mg,Eligible,
ONC-2026-001,ONC-0374,8,2026-06-18,1986-05-04,40,Not Reported,Black or African American,Not Hispanic or Latino,172.3,85.5,ABC-101 100 mg,Eligible,
ONC-2026-001,ONC-0375,7,2026-06-15,1981-08-13,44,Female,Black or African American,Not Hispanic or Latino,172.8,58.5,ABC-101 50 mg,Eligible,
ONC-2026-001,ONC-0376,10,2026-02-26,1972-11-24,53,Male,Multiple Races,Not Reported,179.0,79.5,ABC-101 100 mg,Eligible,
ONC-2026-001,ONC-0377,5,2026-04-19,1966-05-28,59,Female,Asian,Hispanic or Latino,176.0,100.4,Placebo,Eligible,
ONC-2026-001,ONC-0378,1,2026-03-08,1987-05-28,38,Male,Not Reported,Not Hispanic or Latino,160.9,108.1,ABC-101 100 mg,Eligible,
ONC-2026-001,ONC-0379,3,2026-01-04,1980-02-01,45,Male,Multiple Races,Hispanic or Latino,167.5,113.9,ABC-101 100 mg,Eligible,
ONC-2026-001,ONC-0380,4,2026-01-10,1994-05-13,31,Male,Multiple Races,Not Reported,173.7,79.2,ABC-101 100 mg,Eligible,
ONC-2026-001,ONC-0381,6,2026-02-20,1997-11-25,28,Not Reported,Not Reported,Not Reported,159.0,71.6,ABC-101 50 mg,Eligible,
ONC-2026-001,ONC-0382,1,2026-05-14,1984-07-06,41,Male,Multiple Races,Not Hispanic or Latino,185.7,83.0,ABC-101 100 mg,Eligible,
ONC-2026-001,ONC-0383,3,2026-06-13,1981-11-24,44,Other,Native Hawaiian or Other Pacific Islander,Hispanic or Latino,156.4,58.0,ABC-101 50 mg,Eligible,
ONC-2026-001,ONC-0384,10,2026-05-12,1971-09-18,54,Other,American Indian or Alaska Native,Hispanic or Latino,173.3,59.4,ABC-101 50 mg,Eligible,
ONC-2026-001,ONC-0385,6,2026-05-27,1966-11-18,59,Female,Multiple Races,Not Hispanic or Latino,163.2,58.0,ABC-101 100 mg,Eligible,
ONC-2026-001,ONC-0386,3,2026-03-26,1982-04-06,43,Other,Not Reported,Hispanic or Latino,187.2,65.6,Placebo,Eligible,
ONC-2026-001,ONC-0387,5,2026-06-28,1980-07-21,45,Other,Asian,Not Hispanic or Latino,176.6,73.3,Placebo,Eligible,
ONC-2026-001,ONC-0388,9,2026-06-26,1955-12-18,70,Male,White,Hispanic or Latino,193.6,77.8,Placebo,Eligible,
ONC-2026-001,ONC-0389,8,2026-01-30,1955-08-05,70,Other,Asian,Not Hispanic or Latino,167.4,67.7,Placebo,Eligible,
ONC-2026-001,ONC-0390,6,2026-03-08,1972-06-21,53,Not Reported,Asian,Hispanic or Latino,184.3,115.9,ABC-101 50 mg,Eligible,
ONC-2026-001,ONC-0391,4,2026-04-24,1966-06-27,59,Female,Native Hawaiian or Other Pacific Islander,Hispanic or Latino,156.2,111.3,ABC-101 50 mg,Pending,
ONC-2026-001,ONC-0392,9,2026-02-20,1984-06-04,41,Other,Asian,Not Hispanic or Latino,189.9,95.6,Placebo,Eligible,
ONC-2026-001,ONC-0393,7,2026-03-21,2000-03-24,25,Other,Asian,Not Reported,190.6,87.5,Placebo,Eligible,
ONC-2026-001,ONC-0394,4,2026-03-05,1985-04-14,40,Not Reported,Asian,Not Reported,193.2,50.9,ABC-101 50 mg,Eligible,
ONC-2026-001,ONC-0395,3,2026-01-09,1952-11-05,73,Not Reported,White,Hispanic or Latino,164.4,83.6,ABC-101 100 mg,Eligible,
ONC-2026-001,ONC-0396,5,2026-02-12,1955-01-27,71,Female,Native Hawaiian or Other Pacific Islander,Not Hispanic or Latino,172.5,91.1,ABC-101 100 mg,Eligible,
ONC-2026-001,ONC-0397,3,2026-04-29,1954-01-26,72,Male,Multiple Races,Hispanic or Latino,179.6,58.7,ABC-101 100 mg,Eligible,
ONC-2026-001,ONC-0398,5,2026-06-22,1976-09-23,49,Female,Black or African American,Not Reported,189.6,53.2,ABC-101 50 mg,Eligible,
ONC-2026-001,ONC-0399,2,2026-05-16,1979-03-12,47,Female,Black or African American,Hispanic or Latino,168.8,87.7,ABC-101 50 mg,Eligible,
ONC-2026-001,ONC-0400,4,2026-05-07,1968-12-18,57,Other,Black or African American,Hispanic or Latino,174.9,50.9,Placebo,Eligible,
ONC-2026-001,ONC-0401,2,2026-02-19,1968-02-16,58,Male,Asian,Hispanic or Latino,159.8,110.0,ABC-101 50 mg,Eligible,
ONC-2026-001,ONC-0402,4,2026-02-05,1981-10-13,44,Male,Asian,Hispanic or Latino,175.2,101.3,ABC-101 100 mg,Eligible,
ONC-2026-001,ONC-0403,4,2026-02-19,1979-06-12,46,Not Reported,White,Not Reported,171.3,60.4,ABC-101 100 mg,Eligible,
ONC-2026-001,ONC-0404,3,2026-03-12,1997-02-07,29,Female,Not Reported,Not Hispanic or Latino,172.8,107.5,ABC-101 100 mg,Not Eligible,Eligibility criteria not satisfied
ONC-2026-001,ONC-0405,8,2026-05-14,1962-05-26,63,Female,Black or African American,Hispanic or Latino,165.5,69.1,Placebo,Eligible,
ONC-2026-001,ONC-0406,8,2026-05-10,1993-03-12,33,Other,Black or African American,Hispanic or Latino,166.9,81.0,ABC-101 100 mg,Eligible,
ONC-2026-001,ONC-0407,5,2026-01-06,1992-01-05,34,Other,American Indian or Alaska Native,Not Reported,191.2,104.1,ABC-101 100 mg,Eligible,
ONC-2026-001,ONC-0408,1,2026-06-30,1990-08-09,35,Male,American Indian or Alaska Native,Hispanic or Latino,176.1,115.8,ABC-101 50 mg,Eligible,
ONC-2026-001,ONC-0409,1,2026-06-13,1970-01-04,56,Not Reported,Multiple Races,Hispanic or Latino,164.0,100.7,ABC-101 100 mg,Eligible,
ONC-2026-001,ONC-0410,10,2026-01-10,1955-05-09,70,Other,Asian,Not Hispanic or Latino,166.1,96.4,Placebo,Eligible,
ONC-2026-001,ONC-0411,10,2026-03-08,1957-07-18,68,Female,Multiple Races,Not Hispanic or Latino,152.6,102.0,ABC-101 50 mg,Eligible,
ONC-2026-001,ONC-0412,7,2026-03-18,1985-11-27,40,Female,White,Not Hispanic or Latino,189.6,114.9,ABC-101 100 mg,Not Eligible,Eligibility criteria not satisfied
ONC-2026-001,ONC-0413,10,2026-05-29,1972-09-10,53,Not Reported,Multiple Races,Hispanic or Latino,184.7,115.9,ABC-101 100 mg,Eligible,
ONC-2026-001,ONC-0414,4,2026-02-03,1966-06-21,59,Male,Black or African American,Not Hispanic or Latino,172.1,77.0,ABC-101 100 mg,Not Eligible,Eligibility criteria not satisfied
ONC-2026-001,ONC-0415,7,2026-03-06,1961-11-16,64,Not Reported,Not Reported,Not Reported,165.6,74.5,Placebo,Eligible,
ONC-2026-001,ONC-0416,8,2026-06-27,1967-08-06,58,Not Reported,Native Hawaiian or Other Pacific Islander,Not Reported,165.6,106.0,Placebo,Not Eligible,Did not meet inclusion criteria
ONC-2026-001,ONC-0417,3,2026-02-08,1997-07-20,28,Other,American Indian or Alaska Native,Not Reported,181.3,103.7,ABC-101 100 mg,Eligible,
ONC-2026-001,ONC-0418,5,2026-05-01,2000-03-08,26,Not Reported,Asian,Not Reported,182.0,63.3,Placebo,Eligible,
ONC-2026-001,ONC-0419,6,2026-02-28,1969-04-04,56,Female,Multiple Races,Not Hispanic or Latino,164.9,109.3,ABC-101 50 mg,Eligible,
ONC-2026-001,ONC-0420,3,2026-02-03,1986-08-16,39,Not Reported,White,Not Hispanic or Latino,167.2,78.4,ABC-101 100 mg,Eligible,
ONC-2026-001,ONC-0421,5,2026-04-28,1994-03-06,32,Other,Native Hawaiian or Other Pacific Islander,Not Reported,170.7,56.0,ABC-101 100 mg,Eligible,
ONC-2026-001,ONC-0422,8,2026-01-06,1954-03-27,71,Other,Not Reported,Hispanic or Latino,192.5,109.2,Placebo,Eligible,
ONC-2026-001,ONC-0423,4,2026-03-23,1956-08-16,69,Not Reported,White,Not Hispanic or Latino,162.8,98.8,ABC-101 100 mg,Eligible,
ONC-2026-001,ONC-0424,1,2026-01-13,1955-09-12,70,Female,White,Not Hispanic or Latino,166.9,101.6,Placebo,Eligible,
ONC-2026-001,ONC-0425,2,2026-05-26,1955-11-03,70,Female,Native Hawaiian or Other Pacific Islander,Not Reported,176.5,56.4,ABC-101 100 mg,Eligible,
ONC-2026-001,ONC-0426,2,2026-02-24,1952-06-27,73,Not Reported,American Indian or Alaska Native,Not Hispanic or Latino,174.0,75.7,Placebo,Eligible,
ONC-2026-001,ONC-0427,2,2026-01-13,1953-07-14,72,Female,Multiple Races,Hispanic or Latino,161.2,69.8,ABC-101 100 mg,Eligible,
ONC-2026-001,ONC-0428,3,2026-06-25,1978-03-02,48,Female,American Indian or Alaska Native,Hispanic or Latino,161.2,73.2,ABC-101 100 mg,Eligible,
ONC-2026-001,ONC-0429,8,2026-03-15,1951-08-09,74,Male,Native Hawaiian or Other Pacific Islander,Not Reported,182.1,83.2,Placebo,Eligible,
ONC-2026-001,ONC-0430,9,2026-03-23,1978-03-07,48,Not Reported,Asian,Hispanic or Latino,153.7,55.0,ABC-101 100 mg,Not Eligible,Did not meet inclusion criteria
ONC-2026-001,ONC-0431,4,2026-03-11,1950-05-12,75,Not Reported,Native Hawaiian or Other Pacific Islander,Not Hispanic or Latino,169.5,85.6,ABC-101 100 mg,Eligible,
ONC-2026-001,ONC-0432,8,2026-01-16,1990-07-16,35,Not Reported,White,Hispanic or Latino,165.8,78.1,ABC-101 100 mg,Eligible,
ONC-2026-001,ONC-0433,1,2026-01-13,1962-05-20,63,Not Reported,Native Hawaiian or Other Pacific Islander,Not Reported,155.9,75.3,Placebo,Eligible,
ONC-2026-001,ONC-0434,2,2026-03-30,1956-08-11,69,Male,Multiple Races,Not Hispanic or Latino,194.5,81.0,ABC-101 50 mg,Eligible,
ONC-2026-001,ONC-0435,3,2026-03-16,1962-12-14,63,Not Reported,Native Hawaiian or Other Pacific Islander,Not Hispanic or Latino,164.8,83.2,Placebo,Eligible,
ONC-2026-001,ONC-0436,8,2026-02-14,1985-03-02,40,Other,Native Hawaiian or Other Pacific Islander,Hispanic or Latino,173.3,80.9,ABC-101 100 mg,Eligible,
ONC-2026-001,ONC-0437,4,2026-05-28,1998-10-22,27,Not Reported,Asian,Not Hispanic or Latino,178.6,76.7,ABC-101 100 mg,Eligible,
ONC-2026-001,ONC-0438,8,2026-03-02,1978-12-17,47,Other,Asian,Hispanic or Latino,161.7,61.8,ABC-101 100 mg,Eligible,
ONC-2026-001,ONC-0439,10,2026-06-12,1961-03-26,65,Not Reported,Multiple Races,Not Hispanic or Latino,154.4,50.6,Placebo,Eligible,
ONC-2026-001,ONC-0440,8,2026-06-21,1953-05-07,73,Other,Black or African American,Not Hispanic or Latino,172.6,86.0,ABC-101 50 mg,Eligible,
ONC-2026-001,ONC-0441,1,2026-01-19,1990-02-23,35,Female,Black or African American,Hispanic or Latino,188.6,80.5,ABC-101 100 mg,Eligible,
ONC-2026-001,ONC-0442,1,2026-05-24,1958-09-01,67,Not Reported,Black or African American,Hispanic or Latino,155.6,117.9,ABC-101 50 mg,Not Eligible,Did not meet inclusion criteria
ONC-2026-001,ONC-0443,6,2026-02-13,1997-04-04,28,Male,Native Hawaiian or Other Pacific Islander,Not Reported,191.9,69.1,ABC-101 50 mg,Eligible,
ONC-2026-001,ONC-0444,8,2026-03-12,1958-01-13,68,Male,Native Hawaiian or Other Pacific Islander,Not Hispanic or Latino,169.0,97.5,ABC-101 50 mg,Eligible,
ONC-2026-001,ONC-0445,6,2026-05-25,1952-07-04,73,Not Reported,Multiple Races,Not Hispanic or Latino,162.1,55.0,ABC-101 100 mg,Eligible,
ONC-2026-001,ONC-0446,7,2026-02-28,1994-12-04,31,Male,Not Reported,Not Hispanic or Latino,165.8,56.9,Placebo,Eligible,
ONC-2026-001,ONC-0447,10,2026-03-08,1976-06-25,49,Female,Asian,Not Reported,178.8,118.0,Placebo,Not Eligible,Did not meet inclusion criteria
ONC-2026-001,ONC-0448,3,2026-05-27,1950-08-15,75,Not Reported,Multiple Races,Not Hispanic or Latino,191.2,89.0,ABC-101 100 mg,Eligible,
ONC-2026-001,ONC-0449,7,2026-02-13,1952-06-08,73,Other,Black or African American,Not Hispanic or Latino,170.4,97.8,ABC-101 50 mg,Eligible,
ONC-2026-001,ONC-0450,3,2026-04-01,1996-08-08,29,Not Reported,American Indian or Alaska Native,Not Hispanic or Latino,181.1,108.9,ABC-101 100 mg,Pending,
ONC-2026-001,ONC-0451,3,2026-01-23,1959-01-17,67,Male,Multiple Races,Not Reported,159.2,102.6,ABC-101 50 mg,Eligible,
ONC-2026-001,ONC-0452,10,2026-04-07,1998-08-02,27,Not Reported,Multiple Races,Not Hispanic or Latino,194.7,68.4,ABC-101 50 mg,Pending,
ONC-2026-001,ONC-0453,9,2026-05-03,1984-06-19,41,Not Reported,American Indian or Alaska Native,Hispanic or Latino,187.3,92.1,ABC-101 100 mg,Eligible,
ONC-2026-001,ONC-0454,10,2026-03-15,1998-10-06,27,Female,Multiple Races,Not Reported,182.7,93.6,Placebo,Eligible,
ONC-2026-001,ONC-0455,7,2026-04-28,1977-04-10,49,Male,Native Hawaiian or Other Pacific Islander,Hispanic or Latino,193.8,54.8,ABC-101 100 mg,Eligible,
ONC-2026-001,ONC-0456,8,2026-06-19,2000-12-05,25,Not Reported,White,Hispanic or Latino,152.2,92.5,ABC-101 100 mg,Eligible,
ONC-2026-001,ONC-0457,8,2026-01-05,1982-06-05,43,Other,Not Reported,Not Reported,163.6,101.0,Placebo,Eligible,
ONC-2026-001,ONC-0458,6,2026-02-23,1991-08-09,34,Male,White,Not Reported,189.2,83.2,ABC-101 50 mg,Eligible,
ONC-2026-001,ONC-0459,10,2026-03-02,1961-01-16,65,Male,Not Reported,Hispanic or Latino,194.6,80.2,ABC-101 100 mg,Eligible,
ONC-2026-001,ONC-0460,8,2026-02-14,1977-07-01,48,Female,White,Not Hispanic or Latino,183.4,76.6,Placebo,Not Eligible,Did not meet laboratory eligibility criteria
ONC-2026-001,ONC-0461,2,2026-06-10,1986-04-05,40,Other,Multiple Races,Not Reported,156.2,111.8,Placebo,Eligible,
ONC-2026-001,ONC-0462,5,2026-05-01,1996-09-08,29,Other,Asian,Not Hispanic or Latino,188.2,76.7,ABC-101 100 mg,Eligible,
ONC-2026-001,ONC-0463,6,2026-06-07,1963-11-11,62,Male,Multiple Races,Not Reported,159.4,99.5,ABC-101 100 mg,Eligible,
ONC-2026-001,ONC-0464,2,2026-01-07,1996-11-27,29,Other,Multiple Races,Not Reported,172.3,105.0,ABC-101 50 mg,Eligible,
ONC-2026-001,ONC-0465,6,2026-04-15,1952-06-06,73,Female,Black or African American,Hispanic or Latino,171.0,53.0,ABC-101 50 mg,Eligible,
ONC-2026-001,ONC-0466,5,2026-03-07,1988-06-10,37,Male,Black or African American,Not Reported,176.0,50.4,ABC-101 100 mg,Eligible,
ONC-2026-001,ONC-0467,10,2026-02-25,1953-04-07,72,Male,Multiple Races,Not Reported,158.8,107.4,ABC-101 50 mg,Not Eligible,Did not meet inclusion criteria
ONC-2026-001,ONC-0468,3,2026-04-22,1996-11-13,29,Not Reported,Black or African American,Not Hispanic or Latino,176.9,93.9,ABC-101 100 mg,Eligible,
ONC-2026-001,ONC-0469,2,2026-01-30,1958-04-24,67,Other,Asian,Hispanic or Latino,171.9,108.2,ABC-101 100 mg,Eligible,
ONC-2026-001,ONC-0470,7,2026-06-12,1966-05-21,60,Other,White,Hispanic or Latino,194.4,95.0,ABC-101 100 mg,Eligible,
ONC-2026-001,ONC-0471,6,2026-05-23,1989-04-16,37,Other,Native Hawaiian or Other Pacific Islander,Not Hispanic or Latino,174.6,100.0,ABC-101 50 mg,Eligible,
ONC-2026-001,ONC-0472,8,2026-03-13,1951-08-04,74,Male,American Indian or Alaska Native,Hispanic or Latino,158.4,88.3,ABC-101 50 mg,Eligible,
ONC-2026-001,ONC-0473,2,2026-03-14,1993-11-02,32,Other,Multiple Races,Hispanic or Latino,161.0,99.1,ABC-101 100 mg,Eligible,
ONC-2026-001,ONC-0474,7,2026-06-29,1969-05-26,57,Not Reported,Multiple Races,Not Reported,153.7,64.4,ABC-101 50 mg,Eligible,
ONC-2026-001,ONC-0475,8,2026-05-28,1968-08-09,57,Other,Black or African American,Not Hispanic or Latino,172.6,80.1,ABC-101 50 mg,Eligible,
ONC-2026-001,ONC-0476,5,2026-04-13,1999-03-20,27,Not Reported,Asian,Hispanic or Latino,173.3,96.7,ABC-101 50 mg,Pending,
ONC-2026-001,ONC-0477,9,2026-04-15,1954-06-02,71,Not Reported,American Indian or Alaska Native,Not Hispanic or Latino,156.1,69.9,Placebo,Eligible,
ONC-2026-001,ONC-0478,6,2026-03-15,1953-08-21,72,Female,American Indian or Alaska Native,Not Reported,155.1,62.6,ABC-101 100 mg,Eligible,
ONC-2026-001,ONC-0479,4,2026-05-21,1989-01-23,37,Male,American Indian or Alaska Native,Hispanic or Latino,165.3,110.9,ABC-101 50 mg,Eligible,
ONC-2026-001,ONC-0480,9,2026-03-24,1954-11-22,71,Male,White,Not Hispanic or Latino,187.9,61.3,Placebo,Eligible,
ONC-2026-001,ONC-0481,8,2026-06-28,1996-12-24,29,Male,Multiple Races,Hispanic or Latino,188.4,54.7,ABC-101 100 mg,Eligible,
ONC-2026-001,ONC-0482,5,2026-06-09,1996-07-28,29,Female,Multiple Races,Not Hispanic or Latino,165.9,76.9,Placebo,Eligible,
ONC-2026-001,ONC-0483,7,2026-03-21,1991-01-06,35,Other,Black or African American,Not Hispanic or Latino,186.0,85.6,Placebo,Eligible,
ONC-2026-001,ONC-0484,6,2026-02-07,1968-06-16,57,Female,Asian,Hispanic or Latino,161.5,84.9,ABC-101 100 mg,Eligible,
ONC-2026-001,ONC-0485,6,2026-03-02,1956-04-02,69,Not Reported,American Indian or Alaska Native,Hispanic or Latino,154.0,111.4,Placebo,Eligible,
ONC-2026-001,ONC-0486,7,2026-02-01,1973-10-14,52,Male,Asian,Not Reported,168.5,97.7,ABC-101 100 mg,Eligible,
ONC-2026-001,ONC-0487,4,2026-03-15,1952-02-14,74,Other,American Indian or Alaska Native,Not Hispanic or Latino,152.5,115.2,ABC-101 50 mg,Eligible,
ONC-2026-001,ONC-0488,6,2026-05-26,1985-04-11,41,Other,American Indian or Alaska Native,Not Reported,181.5,50.3,ABC-101 100 mg,Eligible,
ONC-2026-001,ONC-0489,3,2026-03-23,1975-11-11,50,Other,American Indian or Alaska Native,Not Reported,164.5,68.2,Placebo,Eligible,
ONC-2026-001,ONC-0490,4,2026-03-03,1972-06-18,53,Female,Black or African American,Hispanic or Latino,178.8,52.3,ABC-101 100 mg,Eligible,
ONC-2026-001,ONC-0491,5,2026-02-13,2000-12-08,25,Female,Asian,Not Hispanic or Latino,167.6,56.7,ABC-101 50 mg,Eligible,
ONC-2026-001,ONC-0492,3,2026-01-22,1988-01-12,38,Female,Native Hawaiian or Other Pacific Islander,Hispanic or Latino,170.9,114.8,ABC-101 50 mg,Eligible,
ONC-2026-001,ONC-0493,9,2026-04-26,1956-12-28,69,Other,Black or African American,Not Hispanic or Latino,171.5,76.3,ABC-101 50 mg,Eligible,
ONC-2026-001,ONC-0494,4,2026-06-21,1995-01-23,31,Female,Multiple Races,Not Reported,155.3,74.5,ABC-101 100 mg,Eligible,
ONC-2026-001,ONC-0495,1,2026-03-30,1958-09-02,67,Male,Asian,Not Hispanic or Latino,180.4,83.5,ABC-101 100 mg,Eligible,
ONC-2026-001,ONC-0496,5,2026-01-21,1990-04-09,35,Other,Black or African American,Hispanic or Latino,171.1,104.6,ABC-101 50 mg,Eligible,
ONC-2026-001,ONC-0497,10,2026-02-24,1967-09-19,58,Female,Native Hawaiian or Other Pacific Islander,Not Reported,178.1,72.3,ABC-101 50 mg,Eligible,
ONC-2026-001,ONC-0498,3,2026-02-10,1993-02-02,33,Other,Not Reported,Not Reported,178.2,119.1,Placebo,Eligible,
ONC-2026-001,ONC-0499,10,2026-05-30,1996-09-01,29,Other,Native Hawaiian or Other Pacific Islander,Hispanic or Latino,167.3,114.1,ABC-101 100 mg,Eligible,
ONC-2026-001,ONC-0500,1,2026-02-25,2000-05-23,25,Not Reported,Multiple Races,Hispanic or Latino,187.6,52.4,ABC-101 50 mg,Eligible,
ONC-2026-001,ONC-0021,3,2026-04-10,1967-07-18,58,Not Reported,Not Reported,Hispanic or Latino,167.2,63.1,ABC-101 50 mg,Eligible,
