subject_id,medication_name,medication_indication,medication_start_date,medication_end_date,medication_ongoing,medication_dose_frequency,comments
ONC-0001,Lisinopril,Hypertension,2024-07-15,,Yes,10 mg once daily,
ONC-0003,Omeprazole,Gastroesophageal reflux,2024-02-22,2025-06-10,No,20 mg once daily,
ONC-0003,Metformin,Type 2 Diabetes,2024-04-13,,Yes,500 mg twice daily,
ONC-0004,Aspirin,Cardiovascular prevention,2024-11-02,2026-04-28,No,81 mg once daily,
ONC-0004,Acetaminophen,Pain,2023-04-28,,Yes,500 mg as needed,
ONC-0004,Metformin,Type 2 Diabetes,2024-08-03,2026-02-21,No,500 mg twice daily,
ONC-0005,Atorvastatin,Hyperlipidemia,2025-07-27,,Yes,20 mg once daily,
ONC-0006,Atorvastatin,Hyperlipidemia,2024-07-25,,Yes,20 mg once daily,
ONC-0006,Acetaminophen,Pain,2023-08-19,,Yes,500 mg as needed,
ONC-0006,Aspirin,Cardiovascular prevention,2021-05-15,,Yes,81 mg once daily,
ONC-0008,Aspirin,Cardiovascular prevention,2025-04-14,,Yes,81 mg once daily,
ONC-0012,Metformin,Type 2 Diabetes,2022-10-04,,Yes,500 mg twice daily,
ONC-0012,Acetaminophen,Pain,2022-12-13,,Yes,500 mg as needed,
ONC-0013,Albuterol,Asthma,2020-11-17,,Yes,2 puffs as needed,
ONC-0013,Omeprazole,Gastroesophageal reflux,2022-11-09,2024-10-19,No,20 mg once daily,
ONC-0014,Atorvastatin,Hyperlipidemia,2025-08-14,,Yes,20 mg once daily,
ONC-0014,Albuterol,Asthma,2024-12-26,,Yes,2 puffs as needed,
ONC-0014,Lisinopril,Hypertension,2020-12-01,,Yes,10 mg once daily,
ONC-0016,Acetaminophen,Pain,2024-05-15,2025-06-08,No,500 mg as needed,
ONC-0018,Albuterol,Asthma,2025-02-03,,Yes,2 puffs as needed,
ONC-0018,Aspirin,Cardiovascular prevention,2021-06-12,,Yes,81 mg once daily,
ONC-0020,Metformin,Type 2 Diabetes,2025-11-11,,Yes,500 mg twice daily,
ONC-0020,Acetaminophen,Pain,2022-08-03,,Yes,500 mg as needed,
ONC-0022,Albuterol,Asthma,2022-12-14,,Yes,2 puffs as needed,
ONC-0023,Albuterol,Asthma,2025-06-29,,Yes,2 puffs as needed,
ONC-0025,Aspirin,Cardiovascular prevention,2022-07-04,,Yes,81 mg once daily,
ONC-0025,Omeprazole,Gastroesophageal reflux,2021-11-20,,Yes,20 mg once daily,
ONC-0025,Atorvastatin,Hyperlipidemia,2022-10-20,,Yes,20 mg once daily,
ONC-0027,Ibuprofen,Pain,2025-03-25,2025-12-20,No,200 mg as needed,
ONC-0027,Aspirin,Cardiovascular prevention,2020-11-18,2021-02-20,No,81 mg once daily,
ONC-0028,Albuterol,Asthma,2023-12-14,,Yes,2 puffs as needed,
ONC-0031,Albuterol,Asthma,2021-07-16,,Yes,2 puffs as needed,
ONC-0031,Omeprazole,Gastroesophageal reflux,2022-09-12,,Yes,20 mg once daily,
ONC-0031,Aspirin,Cardiovascular prevention,2021-10-13,,Yes,81 mg once daily,
ONC-0032,Ibuprofen,Pain,2024-03-08,,Yes,200 mg as needed,
ONC-0032,Albuterol,Asthma,2024-06-19,2025-03-30,No,2 puffs as needed,
ONC-0033,Omeprazole,Gastroesophageal reflux,2025-03-21,2025-05-29,No,20 mg once daily,
ONC-0033,Ibuprofen,Pain,2023-07-11,,Yes,200 mg as needed,
ONC-0034,Aspirin,Cardiovascular prevention,2020-11-28,2022-11-10,No,81 mg once daily,
ONC-0034,Albuterol,Asthma,2020-12-30,,Yes,2 puffs as needed,
ONC-0034,Omeprazole,Gastroesophageal reflux,2023-09-18,,Yes,20 mg once daily,
ONC-0035,Metformin,Type 2 Diabetes,2025-10-30,2026-05-10,No,500 mg twice daily,
ONC-0035,Omeprazole,Gastroesophageal reflux,2023-10-29,,Yes,20 mg once daily,
ONC-0037,Ibuprofen,Pain,2024-12-25,,Yes,200 mg as needed,
ONC-0037,Aspirin,Cardiovascular prevention,2021-11-16,,Yes,81 mg once daily,
ONC-0037,Atorvastatin,Hyperlipidemia,2024-09-03,2026-02-09,No,20 mg once daily,
ONC-0038,Albuterol,Asthma,2025-09-21,,Yes,2 puffs as needed,
ONC-0039,Metformin,Type 2 Diabetes,2022-03-08,,Yes,500 mg twice daily,
ONC-0039,Ibuprofen,Pain,2025-05-29,,Yes,200 mg as needed,
ONC-0040,Lisinopril,Hypertension,2024-08-27,2025-11-15,No,10 mg once daily,
ONC-0040,Albuterol,Asthma,2023-12-18,,Yes,2 puffs as needed,
ONC-0040,Aspirin,Cardiovascular prevention,2024-02-09,,Yes,81 mg once daily,
ONC-0041,Ibuprofen,Pain,2024-07-14,,Yes,200 mg as needed,
ONC-0041,Omeprazole,Gastroesophageal reflux,2021-08-21,,Yes,20 mg once daily,
ONC-0041,Lisinopril,Hypertension,2022-02-03,,Yes,10 mg once daily,
ONC-0042,Albuterol,Asthma,2022-12-13,2024-09-25,No,2 puffs as needed,
ONC-0042,Lisinopril,Hypertension,2021-03-17,2023-11-02,No,10 mg once daily,
ONC-0042,Acetaminophen,Pain,2021-11-26,2024-03-26,No,500 mg as needed,
ONC-0043,Atorvastatin,Hyperlipidemia,2021-12-24,,Yes,20 mg once daily,
ONC-0043,Lisinopril,Hypertension,2025-06-04,,Yes,10 mg once daily,
ONC-0044,Ibuprofen,Pain,2025-04-17,,Yes,200 mg as needed,
ONC-0045,Metformin,Type 2 Diabetes,2021-03-21,2022-08-24,No,500 mg twice daily,
ONC-0045,Albuterol,Asthma,2025-06-09,,Yes,2 puffs as needed,
ONC-0045,Aspirin,Cardiovascular prevention,2023-06-12,,Yes,81 mg once daily,
ONC-0046,Acetaminophen,Pain,2023-10-11,,Yes,500 mg as needed,
ONC-0046,Aspirin,Cardiovascular prevention,2025-01-14,,Yes,81 mg once daily,
ONC-0049,Aspirin,Cardiovascular prevention,2023-09-03,2025-09-13,No,81 mg once daily,
ONC-0049,Lisinopril,Hypertension,2024-10-28,,Yes,10 mg once daily,
ONC-0052,Metformin,Type 2 Diabetes,2025-02-18,2026-06-19,No,500 mg twice daily,
ONC-0052,Omeprazole,Gastroesophageal reflux,2023-02-14,,Yes,20 mg once daily,
ONC-0052,Albuterol,Asthma,2024-02-02,,Yes,2 puffs as needed,
ONC-0055,Ibuprofen,Pain,2022-12-11,,Yes,200 mg as needed,
ONC-0055,Atorvastatin,Hyperlipidemia,2024-11-17,2025-07-13,No,20 mg once daily,
ONC-0057,Atorvastatin,Hyperlipidemia,2025-10-18,,Yes,20 mg once daily,
ONC-0060,Atorvastatin,Hyperlipidemia,2021-11-02,,Yes,20 mg once daily,
ONC-0061,Metformin,Type 2 Diabetes,2024-06-12,,Yes,500 mg twice daily,
ONC-0061,Acetaminophen,Pain,2021-11-11,,Yes,500 mg as needed,
ONC-0063,Metformin,Type 2 Diabetes,2024-02-26,2024-04-28,No,500 mg twice daily,
ONC-0063,Albuterol,Asthma,2023-03-31,,Yes,2 puffs as needed,
ONC-0063,Omeprazole,Gastroesophageal reflux,2021-08-15,,Yes,20 mg once daily,
ONC-0064,Metformin,Type 2 Diabetes,2022-02-24,,Yes,500 mg twice daily,
ONC-0064,Ibuprofen,Pain,2021-12-09,,Yes,200 mg as needed,
ONC-0064,Albuterol,Asthma,2021-01-24,,Yes,2 puffs as needed,
ONC-0065,Aspirin,Cardiovascular prevention,2021-08-19,,Yes,81 mg once daily,
ONC-0065,Metformin,Type 2 Diabetes,2023-05-12,,Yes,500 mg twice daily,
ONC-0066,Metformin,Type 2 Diabetes,2025-05-26,,Yes,500 mg twice daily,
ONC-0066,Ibuprofen,Pain,2021-02-13,2023-08-31,No,200 mg as needed,
ONC-0066,Aspirin,Cardiovascular prevention,2024-02-25,,Yes,81 mg once daily,
ONC-0067,Atorvastatin,Hyperlipidemia,2022-10-22,2024-02-19,No,20 mg once daily,
ONC-0067,Metformin,Type 2 Diabetes,2022-09-12,2023-04-12,No,500 mg twice daily,
ONC-0067,Acetaminophen,Pain,2024-07-23,2026-05-04,No,500 mg as needed,
ONC-0068,Atorvastatin,Hyperlipidemia,2023-12-30,,Yes,20 mg once daily,
ONC-0070,Albuterol,Asthma,2024-05-29,,Yes,2 puffs as needed,
ONC-0070,Aspirin,Cardiovascular prevention,2022-03-09,,Yes,81 mg once daily,
ONC-0071,Acetaminophen,Pain,2022-07-24,,Yes,500 mg as needed,
ONC-0071,Albuterol,Asthma,2020-12-24,2021-11-24,No,2 puffs as needed,
ONC-0071,Lisinopril,Hypertension,2021-10-20,2022-03-05,No,10 mg once daily,
ONC-0072,Lisinopril,Hypertension,2024-04-28,,Yes,10 mg once daily,
ONC-0072,Ibuprofen,Pain,2025-09-04,,Yes,200 mg as needed,
ONC-0072,Albuterol,Asthma,2023-06-16,,Yes,2 puffs as needed,
ONC-0074,Albuterol,Asthma,2022-07-24,2023-08-11,No,2 puffs as needed,
ONC-0074,Aspirin,Cardiovascular prevention,2022-06-24,,Yes,81 mg once daily,
ONC-0074,Lisinopril,Hypertension,2026-01-30,,Yes,10 mg once daily,
ONC-0076,Atorvastatin,Hyperlipidemia,2026-04-14,,Yes,20 mg once daily,
ONC-0076,Albuterol,Asthma,2026-01-13,,Yes,2 puffs as needed,
ONC-0077,Atorvastatin,Hyperlipidemia,2021-06-12,,Yes,20 mg once daily,
ONC-0077,Metformin,Type 2 Diabetes,2024-10-15,,Yes,500 mg twice daily,
ONC-0077,Lisinopril,Hypertension,2021-06-30,,Yes,10 mg once daily,
ONC-0078,Acetaminophen,Pain,2020-11-26,,Yes,500 mg as needed,
ONC-0079,Acetaminophen,Pain,2023-01-03,2023-06-02,No,500 mg as needed,
ONC-0079,Albuterol,Asthma,2026-01-26,,Yes,2 puffs as needed,
ONC-0079,Atorvastatin,Hyperlipidemia,2026-02-20,,Yes,20 mg once daily,
ONC-0081,Acetaminophen,Pain,2022-01-26,,Yes,500 mg as needed,
ONC-0082,Aspirin,Cardiovascular prevention,2026-03-27,,Yes,81 mg once daily,
ONC-0083,Omeprazole,Gastroesophageal reflux,2025-10-15,,Yes,20 mg once daily,
ONC-0085,Acetaminophen,Pain,2022-11-21,,Yes,500 mg as needed,
ONC-0085,Lisinopril,Hypertension,2021-01-22,,Yes,10 mg once daily,
ONC-0086,Albuterol,Asthma,2025-04-27,,Yes,2 puffs as needed,
ONC-0090,Metformin,Type 2 Diabetes,2022-09-03,,Yes,500 mg twice daily,
ONC-0090,Omeprazole,Gastroesophageal reflux,2023-09-26,,Yes,20 mg once daily,
ONC-0090,Aspirin,Cardiovascular prevention,2025-01-25,2025-12-05,No,81 mg once daily,
ONC-0094,Metformin,Type 2 Diabetes,2022-05-20,,Yes,500 mg twice daily,
ONC-0095,Omeprazole,Gastroesophageal reflux,2025-11-20,2026-03-19,No,20 mg once daily,
ONC-0095,Ibuprofen,Pain,2025-06-30,,Yes,200 mg as needed,
ONC-0096,Acetaminophen,Pain,2024-01-02,,Yes,500 mg as needed,
ONC-0096,Lisinopril,Hypertension,2025-05-07,,Yes,10 mg once daily,
ONC-0096,Ibuprofen,Pain,2022-05-09,,Yes,200 mg as needed,
ONC-0098,Acetaminophen,Pain,2024-07-08,,Yes,500 mg as needed,
ONC-0098,Albuterol,Asthma,2022-06-22,,Yes,2 puffs as needed,
ONC-0099,Atorvastatin,Hyperlipidemia,2022-06-07,2024-03-28,No,20 mg once daily,
ONC-0100,Ibuprofen,Pain,2022-02-04,,Yes,200 mg as needed,
ONC-0100,Lisinopril,Hypertension,2022-01-22,,Yes,10 mg once daily,
ONC-0100,Atorvastatin,Hyperlipidemia,2022-03-26,,Yes,20 mg once daily,
ONC-0101,Aspirin,Cardiovascular prevention,2021-03-14,,Yes,81 mg once daily,
ONC-0101,Atorvastatin,Hyperlipidemia,2025-01-18,,Yes,20 mg once daily,
ONC-0102,Albuterol,Asthma,2026-02-05,,Yes,2 puffs as needed,
ONC-0102,Metformin,Type 2 Diabetes,2025-05-04,2026-02-26,No,500 mg twice daily,
ONC-0103,Omeprazole,Gastroesophageal reflux,2022-10-11,,Yes,20 mg once daily,
ONC-0103,Aspirin,Cardiovascular prevention,2024-09-17,,Yes,81 mg once daily,
ONC-0104,Omeprazole,Gastroesophageal reflux,2024-05-19,,Yes,20 mg once daily,
ONC-0107,Ibuprofen,Pain,2023-02-13,,Yes,200 mg as needed,
ONC-0107,Atorvastatin,Hyperlipidemia,2023-04-10,,Yes,20 mg once daily,
ONC-0108,Aspirin,Cardiovascular prevention,2022-02-25,,Yes,81 mg once daily,
ONC-0108,Albuterol,Asthma,2021-03-26,,Yes,2 puffs as needed,
ONC-0108,Atorvastatin,Hyperlipidemia,2022-10-16,,Yes,20 mg once daily,
ONC-0109,Metformin,Type 2 Diabetes,2022-07-08,,Yes,500 mg twice daily,
ONC-0110,Albuterol,Asthma,2022-06-25,,Yes,2 puffs as needed,
ONC-0110,Acetaminophen,Pain,2021-03-20,,Yes,500 mg as needed,
ONC-0110,Ibuprofen,Pain,2021-03-19,,Yes,200 mg as needed,
ONC-0112,Omeprazole,Gastroesophageal reflux,2024-11-10,,Yes,20 mg once daily,
ONC-0112,Ibuprofen,Pain,2025-08-31,,Yes,200 mg as needed,
ONC-0112,Acetaminophen,Pain,2024-02-22,,Yes,500 mg as needed,
ONC-0113,Acetaminophen,Pain,2021-01-24,,Yes,500 mg as needed,
ONC-0113,Ibuprofen,Pain,2021-10-17,,Yes,200 mg as needed,
ONC-0114,Albuterol,Asthma,2021-12-14,,Yes,2 puffs as needed,
ONC-0114,Metformin,Type 2 Diabetes,2024-03-26,,Yes,500 mg twice daily,
ONC-0114,Aspirin,Cardiovascular prevention,2022-03-06,,Yes,81 mg once daily,
ONC-0116,Omeprazole,Gastroesophageal reflux,2023-03-09,,Yes,20 mg once daily,
ONC-0116,Albuterol,Asthma,2026-04-02,,Yes,2 puffs as needed,
ONC-0116,Aspirin,Cardiovascular prevention,2023-07-03,,Yes,81 mg once daily,
ONC-0119,Metformin,Type 2 Diabetes,2024-09-11,,Yes,500 mg twice daily,
ONC-0119,Ibuprofen,Pain,2023-11-29,2025-04-13,No,200 mg as needed,
ONC-0120,Albuterol,Asthma,2025-09-02,,Yes,2 puffs as needed,
ONC-0121,Aspirin,Cardiovascular prevention,2024-12-18,,Yes,81 mg once daily,
ONC-0121,Atorvastatin,Hyperlipidemia,2025-10-22,,Yes,20 mg once daily,
ONC-0121,Metformin,Type 2 Diabetes,2021-05-01,,Yes,500 mg twice daily,
ONC-0122,Albuterol,Asthma,2021-12-05,2023-11-05,No,2 puffs as needed,
ONC-0122,Lisinopril,Hypertension,2022-03-01,,Yes,10 mg once daily,
ONC-0124,Aspirin,Cardiovascular prevention,2022-09-22,2024-03-11,No,81 mg once daily,
ONC-0124,Atorvastatin,Hyperlipidemia,2025-05-26,,Yes,20 mg once daily,
ONC-0124,Ibuprofen,Pain,2022-10-19,2023-09-14,No,200 mg as needed,
ONC-0127,Aspirin,Cardiovascular prevention,2024-10-27,2025-06-02,No,81 mg once daily,
ONC-0128,Atorvastatin,Hyperlipidemia,2024-02-16,,Yes,20 mg once daily,
ONC-0128,Lisinopril,Hypertension,2025-03-24,,Yes,10 mg once daily,
ONC-0128,Metformin,Type 2 Diabetes,2020-10-07,,Yes,500 mg twice daily,
ONC-0129,Aspirin,Cardiovascular prevention,2021-10-23,,Yes,81 mg once daily,
ONC-0130,Lisinopril,Hypertension,2025-09-25,2026-04-14,No,10 mg once daily,
ONC-0130,Acetaminophen,Pain,2024-07-30,,Yes,500 mg as needed,
ONC-0130,Omeprazole,Gastroesophageal reflux,2021-07-16,,Yes,20 mg once daily,
ONC-0131,Omeprazole,Gastroesophageal reflux,2024-08-03,,Yes,20 mg once daily,
ONC-0131,Atorvastatin,Hyperlipidemia,2021-05-05,2022-01-04,No,20 mg once daily,
ONC-0131,Lisinopril,Hypertension,2023-04-24,2024-11-07,No,10 mg once daily,
ONC-0132,Aspirin,Cardiovascular prevention,2020-10-28,2022-12-19,No,81 mg once daily,
ONC-0133,Aspirin,Cardiovascular prevention,2025-11-21,,Yes,81 mg once daily,
ONC-0134,Lisinopril,Hypertension,2023-11-28,2024-06-29,No,10 mg once daily,
ONC-0134,Aspirin,Cardiovascular prevention,2026-01-31,,Yes,81 mg once daily,
ONC-0136,Ibuprofen,Pain,2026-01-05,2026-04-17,No,200 mg as needed,
ONC-0136,Acetaminophen,Pain,2026-03-04,,Yes,500 mg as needed,
ONC-0136,Aspirin,Cardiovascular prevention,2023-08-02,,Yes,81 mg once daily,
ONC-0137,Atorvastatin,Hyperlipidemia,2025-07-02,,Yes,20 mg once daily,
ONC-0139,Aspirin,Cardiovascular prevention,2022-10-23,,Yes,81 mg once daily,
ONC-0139,Atorvastatin,Hyperlipidemia,2025-07-09,,Yes,20 mg once daily,
ONC-0139,Lisinopril,Hypertension,2026-01-11,,Yes,10 mg once daily,
ONC-0140,Albuterol,Asthma,2024-05-10,,Yes,2 puffs as needed,
ONC-0140,Atorvastatin,Hyperlipidemia,2021-06-04,2021-09-16,No,20 mg once daily,
ONC-0141,Omeprazole,Gastroesophageal reflux,2022-06-02,,Yes,20 mg once daily,
ONC-0142,Ibuprofen,Pain,2021-12-20,,Yes,200 mg as needed,
ONC-0142,Lisinopril,Hypertension,2024-05-24,,Yes,10 mg once daily,
ONC-0143,Omeprazole,Gastroesophageal reflux,2025-02-20,,Yes,20 mg once daily,
ONC-0144,Albuterol,Asthma,2025-06-08,,Yes,2 puffs as needed,
ONC-0145,Ibuprofen,Pain,2025-03-08,,Yes,200 mg as needed,
ONC-0146,Ibuprofen,Pain,2025-02-06,,Yes,200 mg as needed,
ONC-0147,Lisinopril,Hypertension,2022-07-26,,Yes,10 mg once daily,
ONC-0147,Aspirin,Cardiovascular prevention,2026-01-13,,Yes,81 mg once daily,
ONC-0147,Atorvastatin,Hyperlipidemia,2021-02-06,,Yes,20 mg once daily,
ONC-0149,Lisinopril,Hypertension,2023-07-05,,Yes,10 mg once daily,
ONC-0149,Albuterol,Asthma,2024-04-30,,Yes,2 puffs as needed,
ONC-0149,Acetaminophen,Pain,2025-05-10,,Yes,500 mg as needed,
ONC-0150,Metformin,Type 2 Diabetes,2024-03-20,,Yes,500 mg twice daily,
ONC-0150,Acetaminophen,Pain,2021-11-30,,Yes,500 mg as needed,
ONC-0150,Aspirin,Cardiovascular prevention,2021-06-04,,Yes,81 mg once daily,
ONC-0152,Lisinopril,Hypertension,2021-09-04,,Yes,10 mg once daily,
ONC-0152,Acetaminophen,Pain,2024-12-03,,Yes,500 mg as needed,
ONC-0154,Atorvastatin,Hyperlipidemia,2021-02-19,,Yes,20 mg once daily,
ONC-0156,Metformin,Type 2 Diabetes,2024-04-03,2024-10-20,No,500 mg twice daily,
ONC-0157,Aspirin,Cardiovascular prevention,2022-11-20,,Yes,81 mg once daily,
ONC-0157,Acetaminophen,Pain,2022-06-30,2025-01-06,No,500 mg as needed,
ONC-0157,Albuterol,Asthma,2021-07-04,,Yes,2 puffs as needed,
ONC-0158,Acetaminophen,Pain,2023-03-18,,Yes,500 mg as needed,
ONC-0160,Omeprazole,Gastroesophageal reflux,2021-08-08,,Yes,20 mg once daily,
ONC-0160,Ibuprofen,Pain,2025-06-25,,Yes,200 mg as needed,
ONC-0161,Omeprazole,Gastroesophageal reflux,2022-01-25,,Yes,20 mg once daily,
ONC-0161,Aspirin,Cardiovascular prevention,2021-10-08,2023-03-22,No,81 mg once daily,
ONC-0162,Lisinopril,Hypertension,2025-03-26,,Yes,10 mg once daily,
ONC-0163,Atorvastatin,Hyperlipidemia,2020-12-14,,Yes,20 mg once daily,
ONC-0163,Metformin,Type 2 Diabetes,2023-11-24,,Yes,500 mg twice daily,
ONC-0163,Lisinopril,Hypertension,2023-10-01,,Yes,10 mg once daily,
ONC-0164,Lisinopril,Hypertension,2023-06-12,2024-06-09,No,10 mg once daily,
ONC-0164,Acetaminophen,Pain,2025-02-19,,Yes,500 mg as needed,
ONC-0165,Acetaminophen,Pain,2023-08-31,2024-09-17,No,500 mg as needed,
ONC-0166,Acetaminophen,Pain,2024-08-21,,Yes,500 mg as needed,
ONC-0166,Lisinopril,Hypertension,2021-11-13,,Yes,10 mg once daily,
ONC-0167,Omeprazole,Gastroesophageal reflux,2023-12-02,2026-01-23,No,20 mg once daily,
ONC-0167,Lisinopril,Hypertension,2024-12-03,2026-01-08,No,10 mg once daily,
ONC-0168,Lisinopril,Hypertension,2020-11-01,2022-12-20,No,10 mg once daily,
ONC-0169,Atorvastatin,Hyperlipidemia,2022-08-12,,Yes,20 mg once daily,
ONC-0169,Lisinopril,Hypertension,2023-08-16,,Yes,10 mg once daily,
ONC-0170,Ibuprofen,Pain,2024-10-10,,Yes,200 mg as needed,
ONC-0171,Metformin,Type 2 Diabetes,2023-01-12,,Yes,500 mg twice daily,
ONC-0172,Atorvastatin,Hyperlipidemia,2020-12-14,2021-07-18,No,20 mg once daily,
ONC-0172,Albuterol,Asthma,2023-02-18,2025-10-21,No,2 puffs as needed,
ONC-0172,Ibuprofen,Pain,2025-02-25,2025-08-02,No,200 mg as needed,
ONC-0174,Aspirin,Cardiovascular prevention,2024-12-11,,Yes,81 mg once daily,
ONC-0174,Albuterol,Asthma,2024-02-18,,Yes,2 puffs as needed,
ONC-0174,Atorvastatin,Hyperlipidemia,2024-05-15,,Yes,20 mg once daily,
ONC-0175,Metformin,Type 2 Diabetes,2023-01-08,2023-02-28,No,500 mg twice daily,
ONC-0175,Atorvastatin,Hyperlipidemia,2021-05-07,,Yes,20 mg once daily,
ONC-0176,Aspirin,Cardiovascular prevention,2023-10-20,,Yes,81 mg once daily,
ONC-0176,Metformin,Type 2 Diabetes,2020-10-29,,Yes,500 mg twice daily,
ONC-0176,Ibuprofen,Pain,2022-04-28,,Yes,200 mg as needed,
ONC-0178,Metformin,Type 2 Diabetes,2022-06-25,2024-03-31,No,500 mg twice daily,
ONC-0178,Lisinopril,Hypertension,2020-11-17,,Yes,10 mg once daily,
ONC-0181,Atorvastatin,Hyperlipidemia,2023-11-20,,Yes,20 mg once daily,
ONC-0181,Aspirin,Cardiovascular prevention,2022-03-01,2022-12-16,No,81 mg once daily,
ONC-0183,Omeprazole,Gastroesophageal reflux,2023-08-10,,Yes,20 mg once daily,
ONC-0183,Metformin,Type 2 Diabetes,2022-02-15,,Yes,500 mg twice daily,
ONC-0183,Lisinopril,Hypertension,2021-11-22,,Yes,10 mg once daily,
ONC-0184,Atorvastatin,Hyperlipidemia,2024-10-04,,Yes,20 mg once daily,
ONC-0184,Ibuprofen,Pain,2024-07-04,2026-01-04,No,200 mg as needed,
ONC-0184,Acetaminophen,Pain,2023-05-03,,Yes,500 mg as needed,
ONC-0185,Atorvastatin,Hyperlipidemia,2022-11-19,,Yes,20 mg once daily,
ONC-0185,Lisinopril,Hypertension,2021-06-12,,Yes,10 mg once daily,
ONC-0187,Atorvastatin,Hyperlipidemia,2025-08-18,,Yes,20 mg once daily,
ONC-0187,Acetaminophen,Pain,2024-06-11,2026-02-16,No,500 mg as needed,
ONC-0188,Acetaminophen,Pain,2024-08-16,,Yes,500 mg as needed,
ONC-0188,Albuterol,Asthma,2022-08-14,2024-07-01,No,2 puffs as needed,
ONC-0188,Lisinopril,Hypertension,2023-02-26,,Yes,10 mg once daily,
ONC-0189,Lisinopril,Hypertension,2025-04-05,2025-08-04,No,10 mg once daily,
ONC-0190,Omeprazole,Gastroesophageal reflux,2022-09-07,2023-03-11,No,20 mg once daily,
ONC-0190,Metformin,Type 2 Diabetes,2025-06-16,,Yes,500 mg twice daily,
ONC-0191,Metformin,Type 2 Diabetes,2022-04-07,2022-11-20,No,500 mg twice daily,
ONC-0191,Acetaminophen,Pain,2022-03-19,,Yes,500 mg as needed,
ONC-0191,Omeprazole,Gastroesophageal reflux,2023-01-29,2023-07-23,No,20 mg once daily,
ONC-0195,Acetaminophen,Pain,2025-06-29,2026-04-11,No,500 mg as needed,
ONC-0195,Omeprazole,Gastroesophageal reflux,2024-07-01,,Yes,20 mg once daily,
ONC-0196,Aspirin,Cardiovascular prevention,2026-01-17,,Yes,81 mg once daily,
ONC-0196,Metformin,Type 2 Diabetes,2020-11-22,,Yes,500 mg twice daily,
ONC-0197,Aspirin,Cardiovascular prevention,2021-09-26,2023-01-10,No,81 mg once daily,
ONC-0198,Ibuprofen,Pain,2020-10-26,2021-04-01,No,200 mg as needed,
ONC-0198,Aspirin,Cardiovascular prevention,2025-11-18,,Yes,81 mg once daily,
ONC-0198,Metformin,Type 2 Diabetes,2024-09-16,,Yes,500 mg twice daily,
ONC-0199,Aspirin,Cardiovascular prevention,2023-12-30,,Yes,81 mg once daily,
ONC-0200,Acetaminophen,Pain,2025-05-17,,Yes,500 mg as needed,
ONC-0200,Albuterol,Asthma,2021-05-21,,Yes,2 puffs as needed,
ONC-0201,Lisinopril,Hypertension,2021-10-24,,Yes,10 mg once daily,
ONC-0203,Ibuprofen,Pain,2024-10-05,,Yes,200 mg as needed,
ONC-0204,Aspirin,Cardiovascular prevention,2025-05-02,2026-01-09,No,81 mg once daily,
ONC-0204,Acetaminophen,Pain,2025-08-18,,Yes,500 mg as needed,
ONC-0205,Acetaminophen,Pain,2024-04-05,,Yes,500 mg as needed,
ONC-0206,Aspirin,Cardiovascular prevention,2021-04-10,,Yes,81 mg once daily,
ONC-0206,Omeprazole,Gastroesophageal reflux,2025-10-12,,Yes,20 mg once daily,
ONC-0207,Atorvastatin,Hyperlipidemia,2024-02-02,,Yes,20 mg once daily,
ONC-0207,Metformin,Type 2 Diabetes,2021-01-21,,Yes,500 mg twice daily,
ONC-0209,Omeprazole,Gastroesophageal reflux,2022-12-08,,Yes,20 mg once daily,
ONC-0209,Albuterol,Asthma,2024-07-12,2026-04-24,No,2 puffs as needed,
ONC-0213,Omeprazole,Gastroesophageal reflux,2025-10-01,,Yes,20 mg once daily,
ONC-0213,Atorvastatin,Hyperlipidemia,2021-01-11,,Yes,20 mg once daily,
ONC-0213,Aspirin,Cardiovascular prevention,2024-07-13,,Yes,81 mg once daily,
ONC-0215,Lisinopril,Hypertension,2025-07-11,,Yes,10 mg once daily,
ONC-0216,Ibuprofen,Pain,2025-10-12,,Yes,200 mg as needed,
ONC-0217,Metformin,Type 2 Diabetes,2024-12-25,2026-05-05,No,500 mg twice daily,
ONC-0217,Aspirin,Cardiovascular prevention,2024-11-18,,Yes,81 mg once daily,
ONC-0217,Albuterol,Asthma,2024-09-08,,Yes,2 puffs as needed,
ONC-0218,Atorvastatin,Hyperlipidemia,2025-04-01,,Yes,20 mg once daily,
ONC-0218,Albuterol,Asthma,2021-05-25,,Yes,2 puffs as needed,
ONC-0220,Albuterol,Asthma,2023-02-12,,Yes,2 puffs as needed,
ONC-0220,Metformin,Type 2 Diabetes,2021-07-31,,Yes,500 mg twice daily,
ONC-0220,Omeprazole,Gastroesophageal reflux,2021-05-23,,Yes,20 mg once daily,
ONC-0222,Ibuprofen,Pain,2023-10-01,,Yes,200 mg as needed,
ONC-0222,Atorvastatin,Hyperlipidemia,2024-04-07,,Yes,20 mg once daily,
ONC-0223,Metformin,Type 2 Diabetes,2023-01-14,2024-10-05,No,500 mg twice daily,
ONC-0223,Albuterol,Asthma,2021-05-21,,Yes,2 puffs as needed,
ONC-0229,Lisinopril,Hypertension,2025-06-22,,Yes,10 mg once daily,
ONC-0229,Aspirin,Cardiovascular prevention,2024-01-19,2026-01-16,No,81 mg once daily,
ONC-0232,Atorvastatin,Hyperlipidemia,2022-07-04,,Yes,20 mg once daily,
ONC-0233,Metformin,Type 2 Diabetes,2025-05-18,2026-02-19,No,500 mg twice daily,
ONC-0235,Ibuprofen,Pain,2023-12-06,,Yes,200 mg as needed,
ONC-0235,Aspirin,Cardiovascular prevention,2022-01-18,,Yes,81 mg once daily,
ONC-0236,Omeprazole,Gastroesophageal reflux,2025-11-01,,Yes,20 mg once daily,
ONC-0236,Metformin,Type 2 Diabetes,2021-11-05,,Yes,500 mg twice daily,
ONC-0236,Acetaminophen,Pain,2026-04-08,,Yes,500 mg as needed,
ONC-0237,Acetaminophen,Pain,2023-09-11,,Yes,500 mg as needed,
ONC-0237,Lisinopril,Hypertension,2021-02-08,,Yes,10 mg once daily,
ONC-0241,Albuterol,Asthma,2021-12-06,,Yes,2 puffs as needed,
ONC-0241,Atorvastatin,Hyperlipidemia,2022-07-29,,Yes,20 mg once daily,
ONC-0242,Lisinopril,Hypertension,2025-11-05,,Yes,10 mg once daily,
ONC-0243,Acetaminophen,Pain,2021-08-06,,Yes,500 mg as needed,
ONC-0243,Metformin,Type 2 Diabetes,2020-11-13,,Yes,500 mg twice daily,
ONC-0244,Albuterol,Asthma,2023-01-27,,Yes,2 puffs as needed,
ONC-0245,Aspirin,Cardiovascular prevention,2021-01-03,,Yes,81 mg once daily,
ONC-0246,Acetaminophen,Pain,2026-02-11,,Yes,500 mg as needed,
ONC-0247,Lisinopril,Hypertension,2024-06-21,,Yes,10 mg once daily,
ONC-0247,Metformin,Type 2 Diabetes,2026-02-14,,Yes,500 mg twice daily,
ONC-0249,Atorvastatin,Hyperlipidemia,2021-01-07,,Yes,20 mg once daily,
ONC-0249,Ibuprofen,Pain,2025-11-30,2026-05-14,No,200 mg as needed,
ONC-0249,Omeprazole,Gastroesophageal reflux,2022-09-09,,Yes,20 mg once daily,
ONC-0250,Omeprazole,Gastroesophageal reflux,2026-04-03,,Yes,20 mg once daily,
ONC-0250,Ibuprofen,Pain,2025-07-25,,Yes,200 mg as needed,
ONC-0250,Aspirin,Cardiovascular prevention,2023-06-11,,Yes,81 mg once daily,
ONC-0251,Aspirin,Cardiovascular prevention,2021-02-15,,Yes,81 mg once daily,
ONC-0252,Omeprazole,Gastroesophageal reflux,2024-01-27,2024-08-12,No,20 mg once daily,
ONC-0255,Acetaminophen,Pain,2022-01-24,,Yes,500 mg as needed,
ONC-0255,Atorvastatin,Hyperlipidemia,2022-05-24,,Yes,20 mg once daily,
ONC-0255,Aspirin,Cardiovascular prevention,2021-07-05,2022-08-08,No,81 mg once daily,
ONC-0256,Atorvastatin,Hyperlipidemia,2025-06-23,,Yes,20 mg once daily,
ONC-0258,Ibuprofen,Pain,2025-03-26,,Yes,200 mg as needed,
ONC-0258,Metformin,Type 2 Diabetes,2024-05-31,,Yes,500 mg twice daily,
ONC-0258,Omeprazole,Gastroesophageal reflux,2025-04-13,,Yes,20 mg once daily,
ONC-0261,Aspirin,Cardiovascular prevention,2023-10-26,,Yes,81 mg once daily,
ONC-0261,Omeprazole,Gastroesophageal reflux,2021-09-02,2023-09-25,No,20 mg once daily,
ONC-0262,Lisinopril,Hypertension,2021-05-28,,Yes,10 mg once daily,
ONC-0263,Lisinopril,Hypertension,2023-07-01,2024-02-13,No,10 mg once daily,
ONC-0263,Atorvastatin,Hyperlipidemia,2024-08-20,,Yes,20 mg once daily,
ONC-0263,Aspirin,Cardiovascular prevention,2021-11-13,,Yes,81 mg once daily,
ONC-0264,Aspirin,Cardiovascular prevention,2024-04-10,,Yes,81 mg once daily,
ONC-0264,Metformin,Type 2 Diabetes,2023-05-18,,Yes,500 mg twice daily,
ONC-0265,Lisinopril,Hypertension,2022-10-01,,Yes,10 mg once daily,
ONC-0266,Lisinopril,Hypertension,2025-11-25,,Yes,10 mg once daily,
ONC-0269,Albuterol,Asthma,2020-12-19,,Yes,2 puffs as needed,
ONC-0271,Aspirin,Cardiovascular prevention,2025-06-13,,Yes,81 mg once daily,
ONC-0271,Lisinopril,Hypertension,2025-12-02,,Yes,10 mg once daily,
ONC-0273,Albuterol,Asthma,2024-11-12,,Yes,2 puffs as needed,
ONC-0274,Albuterol,Asthma,2026-01-07,2026-03-14,No,2 puffs as needed,
ONC-0276,Metformin,Type 2 Diabetes,2024-09-10,2026-01-30,No,500 mg twice daily,
ONC-0278,Albuterol,Asthma,2022-02-06,,Yes,2 puffs as needed,
ONC-0278,Omeprazole,Gastroesophageal reflux,2023-05-27,2025-12-01,No,20 mg once daily,
ONC-0280,Albuterol,Asthma,2024-11-09,,Yes,2 puffs as needed,
ONC-0280,Omeprazole,Gastroesophageal reflux,2024-03-25,,Yes,20 mg once daily,
ONC-0280,Aspirin,Cardiovascular prevention,2023-12-11,2024-11-03,No,81 mg once daily,
ONC-0282,Lisinopril,Hypertension,2024-08-14,,Yes,10 mg once daily,
ONC-0282,Metformin,Type 2 Diabetes,2022-06-03,2023-09-24,No,500 mg twice daily,
ONC-0283,Metformin,Type 2 Diabetes,2021-12-26,,Yes,500 mg twice daily,
ONC-0283,Aspirin,Cardiovascular prevention,2022-11-17,,Yes,81 mg once daily,
ONC-0284,Ibuprofen,Pain,2024-01-28,,Yes,200 mg as needed,
ONC-0284,Albuterol,Asthma,2024-03-14,2024-11-18,No,2 puffs as needed,
ONC-0285,Atorvastatin,Hyperlipidemia,2024-05-09,2026-01-24,No,20 mg once daily,
ONC-0285,Lisinopril,Hypertension,2023-07-07,2024-05-13,No,10 mg once daily,
ONC-0285,Omeprazole,Gastroesophageal reflux,2022-11-16,,Yes,20 mg once daily,
ONC-0288,Ibuprofen,Pain,2021-06-03,,Yes,200 mg as needed,
ONC-0289,Ibuprofen,Pain,2022-12-03,,Yes,200 mg as needed,
ONC-0289,Omeprazole,Gastroesophageal reflux,2022-11-23,,Yes,20 mg once daily,
ONC-0289,Lisinopril,Hypertension,2024-12-16,2026-05-22,No,10 mg once daily,
ONC-0290,Atorvastatin,Hyperlipidemia,2022-06-24,,Yes,20 mg once daily,
ONC-0290,Ibuprofen,Pain,2020-10-02,,Yes,200 mg as needed,
ONC-0291,Omeprazole,Gastroesophageal reflux,2022-03-04,,Yes,20 mg once daily,
ONC-0291,Albuterol,Asthma,2026-03-15,,Yes,2 puffs as needed,
ONC-0291,Lisinopril,Hypertension,2021-10-31,,Yes,10 mg once daily,
ONC-0292,Acetaminophen,Pain,2025-09-16,,Yes,500 mg as needed,
ONC-0292,Atorvastatin,Hyperlipidemia,2022-07-06,2023-11-01,No,20 mg once daily,
ONC-0292,Omeprazole,Gastroesophageal reflux,2023-12-21,,Yes,20 mg once daily,
ONC-0293,Metformin,Type 2 Diabetes,2024-07-17,,Yes,500 mg twice daily,
ONC-0293,Albuterol,Asthma,2022-02-04,,Yes,2 puffs as needed,
ONC-0294,Lisinopril,Hypertension,2024-03-18,2026-05-17,No,10 mg once daily,
ONC-0294,Aspirin,Cardiovascular prevention,2025-06-17,,Yes,81 mg once daily,
ONC-0294,Acetaminophen,Pain,2025-08-20,,Yes,500 mg as needed,
ONC-0295,Albuterol,Asthma,2025-04-20,,Yes,2 puffs as needed,
ONC-0296,Omeprazole,Gastroesophageal reflux,2026-02-16,,Yes,20 mg once daily,
ONC-0296,Aspirin,Cardiovascular prevention,2021-05-08,2023-12-04,No,81 mg once daily,
ONC-0297,Atorvastatin,Hyperlipidemia,2025-03-23,,Yes,20 mg once daily,
ONC-0297,Aspirin,Cardiovascular prevention,2022-08-15,,Yes,81 mg once daily,
ONC-0298,Albuterol,Asthma,2024-04-02,2025-07-30,No,2 puffs as needed,
ONC-0300,Lisinopril,Hypertension,2025-02-03,,Yes,10 mg once daily,
ONC-0300,Atorvastatin,Hyperlipidemia,2020-10-17,,Yes,20 mg once daily,
ONC-0301,Metformin,Type 2 Diabetes,2025-04-18,,Yes,500 mg twice daily,
ONC-0302,Omeprazole,Gastroesophageal reflux,2025-02-11,2025-04-30,No,20 mg once daily,
ONC-0302,Ibuprofen,Pain,2023-09-06,,Yes,200 mg as needed,
ONC-0302,Metformin,Type 2 Diabetes,2024-03-10,,Yes,500 mg twice daily,
ONC-0305,Aspirin,Cardiovascular prevention,2025-06-08,,Yes,81 mg once daily,
ONC-0306,Atorvastatin,Hyperlipidemia,2023-02-16,,Yes,20 mg once daily,
ONC-0306,Albuterol,Asthma,2023-05-21,,Yes,2 puffs as needed,
ONC-0306,Ibuprofen,Pain,2024-03-14,2025-05-26,No,200 mg as needed,
ONC-0307,Acetaminophen,Pain,2021-01-27,2022-02-16,No,500 mg as needed,
ONC-0309,Aspirin,Cardiovascular prevention,2022-08-07,,Yes,81 mg once daily,
ONC-0310,Acetaminophen,Pain,2025-02-23,,Yes,500 mg as needed,
ONC-0310,Aspirin,Cardiovascular prevention,2023-05-18,,Yes,81 mg once daily,
ONC-0310,Ibuprofen,Pain,2021-12-08,,Yes,200 mg as needed,
ONC-0312,Lisinopril,Hypertension,2024-09-01,,Yes,10 mg once daily,
ONC-0312,Ibuprofen,Pain,2023-04-02,2025-09-02,No,200 mg as needed,
ONC-0312,Albuterol,Asthma,2022-06-25,2025-03-01,No,2 puffs as needed,
ONC-0315,Lisinopril,Hypertension,2022-06-09,2023-05-28,No,10 mg once daily,
ONC-0315,Atorvastatin,Hyperlipidemia,2020-11-30,,Yes,20 mg once daily,
ONC-0315,Aspirin,Cardiovascular prevention,2024-01-11,,Yes,81 mg once daily,
ONC-0316,Acetaminophen,Pain,2023-06-24,2025-04-25,No,500 mg as needed,
ONC-0317,Albuterol,Asthma,2023-05-13,,Yes,2 puffs as needed,
ONC-0317,Omeprazole,Gastroesophageal reflux,2022-07-25,,Yes,20 mg once daily,
ONC-0317,Metformin,Type 2 Diabetes,2020-10-17,,Yes,500 mg twice daily,
ONC-0318,Metformin,Type 2 Diabetes,2024-05-15,,Yes,500 mg twice daily,
ONC-0318,Albuterol,Asthma,2024-06-14,,Yes,2 puffs as needed,
ONC-0318,Lisinopril,Hypertension,2020-12-22,,Yes,10 mg once daily,
ONC-0319,Ibuprofen,Pain,2022-11-27,,Yes,200 mg as needed,
ONC-0319,Albuterol,Asthma,2021-03-28,2021-09-20,No,2 puffs as needed,
ONC-0320,Albuterol,Asthma,2023-03-29,2025-05-05,No,2 puffs as needed,
ONC-0321,Lisinopril,Hypertension,2024-05-30,2024-11-28,No,10 mg once daily,
ONC-0321,Atorvastatin,Hyperlipidemia,2024-01-27,,Yes,20 mg once daily,
ONC-0321,Aspirin,Cardiovascular prevention,2022-11-30,,Yes,81 mg once daily,
ONC-0323,Albuterol,Asthma,2021-04-13,,Yes,2 puffs as needed,
ONC-0323,Omeprazole,Gastroesophageal reflux,2025-10-11,,Yes,20 mg once daily,
ONC-0325,Metformin,Type 2 Diabetes,2021-08-29,,Yes,500 mg twice daily,
ONC-0325,Atorvastatin,Hyperlipidemia,2024-05-28,,Yes,20 mg once daily,
ONC-0325,Ibuprofen,Pain,2024-01-11,,Yes,200 mg as needed,
ONC-0326,Albuterol,Asthma,2024-11-13,2025-08-22,No,2 puffs as needed,
ONC-0327,Atorvastatin,Hyperlipidemia,2021-02-26,2021-12-24,No,20 mg once daily,
ONC-0327,Omeprazole,Gastroesophageal reflux,2021-02-18,,Yes,20 mg once daily,
ONC-0328,Albuterol,Asthma,2024-05-04,,Yes,2 puffs as needed,
ONC-0328,Ibuprofen,Pain,2024-12-14,,Yes,200 mg as needed,
ONC-0330,Albuterol,Asthma,2024-04-21,2026-03-07,No,2 puffs as needed,
ONC-0331,Metformin,Type 2 Diabetes,2024-08-06,2026-01-30,No,500 mg twice daily,
ONC-0333,Ibuprofen,Pain,2023-03-03,,Yes,200 mg as needed,
ONC-0334,Albuterol,Asthma,2023-02-18,,Yes,2 puffs as needed,
ONC-0334,Atorvastatin,Hyperlipidemia,2021-02-16,,Yes,20 mg once daily,
ONC-0334,Omeprazole,Gastroesophageal reflux,2025-11-20,2026-02-09,No,20 mg once daily,
ONC-0335,Lisinopril,Hypertension,2022-02-13,,Yes,10 mg once daily,
ONC-0335,Atorvastatin,Hyperlipidemia,2024-02-04,2025-07-04,No,20 mg once daily,
ONC-0335,Omeprazole,Gastroesophageal reflux,2021-12-09,,Yes,20 mg once daily,
ONC-0336,Aspirin,Cardiovascular prevention,2023-08-09,,Yes,81 mg once daily,
ONC-0336,Omeprazole,Gastroesophageal reflux,2024-05-18,,Yes,20 mg once daily,
ONC-0338,Albuterol,Asthma,2020-11-09,,Yes,2 puffs as needed,
ONC-0339,Aspirin,Cardiovascular prevention,2025-06-03,,Yes,81 mg once daily,
ONC-0342,Atorvastatin,Hyperlipidemia,2022-10-10,2022-11-24,No,20 mg once daily,
ONC-0342,Ibuprofen,Pain,2025-10-21,,Yes,200 mg as needed,
ONC-0342,Omeprazole,Gastroesophageal reflux,2021-01-03,,Yes,20 mg once daily,
ONC-0346,Omeprazole,Gastroesophageal reflux,2025-12-19,,Yes,20 mg once daily,
ONC-0346,Atorvastatin,Hyperlipidemia,2023-09-24,,Yes,20 mg once daily,
ONC-0348,Omeprazole,Gastroesophageal reflux,2021-07-11,,Yes,20 mg once daily,
ONC-0348,Atorvastatin,Hyperlipidemia,2021-11-28,,Yes,20 mg once daily,
ONC-0349,Atorvastatin,Hyperlipidemia,2025-06-22,2026-03-09,No,20 mg once daily,
ONC-0351,Ibuprofen,Pain,2025-10-19,,Yes,200 mg as needed,
ONC-0351,Metformin,Type 2 Diabetes,2021-12-06,,Yes,500 mg twice daily,
ONC-0351,Albuterol,Asthma,2024-02-24,,Yes,2 puffs as needed,
ONC-0353,Metformin,Type 2 Diabetes,2021-07-20,,Yes,500 mg twice daily,
ONC-0353,Acetaminophen,Pain,2025-05-19,,Yes,500 mg as needed,
ONC-0353,Atorvastatin,Hyperlipidemia,2021-10-01,,Yes,20 mg once daily,
ONC-0354,Atorvastatin,Hyperlipidemia,2024-08-09,2026-02-24,No,20 mg once daily,
ONC-0354,Omeprazole,Gastroesophageal reflux,2020-12-26,,Yes,20 mg once daily,
ONC-0354,Metformin,Type 2 Diabetes,2025-09-04,,Yes,500 mg twice daily,
ONC-0355,Aspirin,Cardiovascular prevention,2024-09-08,,Yes,81 mg once daily,
ONC-0355,Ibuprofen,Pain,2023-02-09,,Yes,200 mg as needed,
ONC-0356,Atorvastatin,Hyperlipidemia,2023-08-16,,Yes,20 mg once daily,
ONC-0357,Lisinopril,Hypertension,2021-04-24,,Yes,10 mg once daily,
ONC-0360,Lisinopril,Hypertension,2024-07-19,,Yes,10 mg once daily,
ONC-0361,Metformin,Type 2 Diabetes,2025-03-31,,Yes,500 mg twice daily,
ONC-0361,Atorvastatin,Hyperlipidemia,2024-03-07,,Yes,20 mg once daily,
ONC-0361,Lisinopril,Hypertension,2024-11-10,2025-03-05,No,10 mg once daily,
ONC-0362,Metformin,Type 2 Diabetes,2025-02-16,2026-04-01,No,500 mg twice daily,
ONC-0362,Atorvastatin,Hyperlipidemia,2023-05-04,,Yes,20 mg once daily,
ONC-0363,Lisinopril,Hypertension,2022-06-18,,Yes,10 mg once daily,
ONC-0363,Albuterol,Asthma,2021-09-19,,Yes,2 puffs as needed,
ONC-0365,Aspirin,Cardiovascular prevention,2021-12-12,,Yes,81 mg once daily,
ONC-0365,Lisinopril,Hypertension,2022-01-18,,Yes,10 mg once daily,
ONC-0365,Ibuprofen,Pain,2024-07-26,,Yes,200 mg as needed,
ONC-0366,Ibuprofen,Pain,2024-05-30,,Yes,200 mg as needed,
ONC-0366,Aspirin,Cardiovascular prevention,2021-01-03,2023-05-11,No,81 mg once daily,
ONC-0366,Albuterol,Asthma,2022-03-22,,Yes,2 puffs as needed,
ONC-0368,Atorvastatin,Hyperlipidemia,2025-08-25,,Yes,20 mg once daily,
ONC-0368,Aspirin,Cardiovascular prevention,2023-12-16,,Yes,81 mg once daily,
ONC-0368,Albuterol,Asthma,2023-01-02,,Yes,2 puffs as needed,
ONC-0369,Acetaminophen,Pain,2022-05-11,2022-08-23,No,500 mg as needed,
ONC-0369,Atorvastatin,Hyperlipidemia,2023-01-23,,Yes,20 mg once daily,
ONC-0370,Metformin,Type 2 Diabetes,2020-09-28,,Yes,500 mg twice daily,
ONC-0370,Atorvastatin,Hyperlipidemia,2024-08-17,,Yes,20 mg once daily,
ONC-0370,Omeprazole,Gastroesophageal reflux,2023-05-03,2023-11-13,No,20 mg once daily,
ONC-0371,Aspirin,Cardiovascular prevention,2024-04-11,,Yes,81 mg once daily,
ONC-0371,Atorvastatin,Hyperlipidemia,2024-03-23,2026-01-14,No,20 mg once daily,
ONC-0372,Acetaminophen,Pain,2021-08-17,,Yes,500 mg as needed,
ONC-0372,Ibuprofen,Pain,2023-06-16,,Yes,200 mg as needed,
ONC-0372,Aspirin,Cardiovascular prevention,2026-01-08,,Yes,81 mg once daily,
ONC-0373,Atorvastatin,Hyperlipidemia,2025-05-08,,Yes,20 mg once daily,
ONC-0373,Metformin,Type 2 Diabetes,2021-05-09,,Yes,500 mg twice daily,
ONC-0376,Albuterol,Asthma,2023-07-04,,Yes,2 puffs as needed,
ONC-0377,Metformin,Type 2 Diabetes,2022-03-29,,Yes,500 mg twice daily,
ONC-0377,Lisinopril,Hypertension,2024-04-17,,Yes,10 mg once daily,
ONC-0379,Acetaminophen,Pain,2024-02-24,,Yes,500 mg as needed,
ONC-0380,Lisinopril,Hypertension,2020-09-26,,Yes,10 mg once daily,
ONC-0381,Albuterol,Asthma,2024-10-22,,Yes,2 puffs as needed,
ONC-0381,Acetaminophen,Pain,2025-08-11,2025-10-29,No,500 mg as needed,
ONC-0382,Ibuprofen,Pain,2023-05-11,,Yes,200 mg as needed,
ONC-0382,Atorvastatin,Hyperlipidemia,2024-10-21,2026-04-06,No,20 mg once daily,
ONC-0382,Omeprazole,Gastroesophageal reflux,2022-09-30,,Yes,20 mg once daily,
ONC-0383,Lisinopril,Hypertension,2025-08-12,,Yes,10 mg once daily,
ONC-0383,Omeprazole,Gastroesophageal reflux,2024-03-17,,Yes,20 mg once daily,
ONC-0384,Metformin,Type 2 Diabetes,2024-08-20,,Yes,500 mg twice daily,
ONC-0384,Aspirin,Cardiovascular prevention,2022-05-12,,Yes,81 mg once daily,
ONC-0384,Lisinopril,Hypertension,2023-05-24,2024-03-24,No,10 mg once daily,
ONC-0386,Lisinopril,Hypertension,2025-06-09,,Yes,10 mg once daily,
ONC-0386,Omeprazole,Gastroesophageal reflux,2022-02-19,,Yes,20 mg once daily,
ONC-0386,Aspirin,Cardiovascular prevention,2023-12-27,,Yes,81 mg once daily,
ONC-0387,Aspirin,Cardiovascular prevention,2023-03-23,,Yes,81 mg once daily,
ONC-0387,Metformin,Type 2 Diabetes,2023-06-12,,Yes,500 mg twice daily,
ONC-0388,Omeprazole,Gastroesophageal reflux,2025-06-20,2026-04-08,No,20 mg once daily,
ONC-0388,Acetaminophen,Pain,2025-04-16,,Yes,500 mg as needed,
ONC-0388,Metformin,Type 2 Diabetes,2022-06-24,,Yes,500 mg twice daily,
ONC-0389,Lisinopril,Hypertension,2021-04-25,,Yes,10 mg once daily,
ONC-0389,Atorvastatin,Hyperlipidemia,2022-07-10,2025-03-10,No,20 mg once daily,
ONC-0390,Ibuprofen,Pain,2025-02-24,,Yes,200 mg as needed,
ONC-0391,Lisinopril,Hypertension,2025-12-06,,Yes,10 mg once daily,
ONC-0391,Acetaminophen,Pain,2026-02-16,2026-04-05,No,500 mg as needed,
ONC-0391,Metformin,Type 2 Diabetes,2021-09-17,,Yes,500 mg twice daily,
ONC-0392,Atorvastatin,Hyperlipidemia,2023-03-03,,Yes,20 mg once daily,
ONC-0392,Omeprazole,Gastroesophageal reflux,2025-08-24,,Yes,20 mg once daily,
ONC-0393,Atorvastatin,Hyperlipidemia,2024-11-11,,Yes,20 mg once daily,
ONC-0394,Albuterol,Asthma,2024-04-10,,Yes,2 puffs as needed,
ONC-0394,Atorvastatin,Hyperlipidemia,2020-09-20,,Yes,20 mg once daily,
ONC-0395,Lisinopril,Hypertension,2023-09-04,2025-08-27,No,10 mg once daily,
ONC-0395,Albuterol,Asthma,2021-08-07,2024-02-17,No,2 puffs as needed,
ONC-0396,Ibuprofen,Pain,2021-07-24,,Yes,200 mg as needed,
ONC-0396,Lisinopril,Hypertension,2025-10-27,,Yes,10 mg once daily,
ONC-0396,Acetaminophen,Pain,2022-05-29,,Yes,500 mg as needed,
ONC-0397,Omeprazole,Gastroesophageal reflux,2023-04-05,,Yes,20 mg once daily,
ONC-0397,Atorvastatin,Hyperlipidemia,2024-02-04,,Yes,20 mg once daily,
ONC-0398,Acetaminophen,Pain,2026-03-25,,Yes,500 mg as needed,
ONC-0398,Lisinopril,Hypertension,2025-11-06,,Yes,10 mg once daily,
ONC-0398,Atorvastatin,Hyperlipidemia,2025-12-25,2026-06-12,No,20 mg once daily,
ONC-0399,Aspirin,Cardiovascular prevention,2026-01-17,,Yes,81 mg once daily,
ONC-0401,Aspirin,Cardiovascular prevention,2021-01-06,,Yes,81 mg once daily,
ONC-0401,Acetaminophen,Pain,2022-04-03,2024-07-26,No,500 mg as needed,
ONC-0406,Lisinopril,Hypertension,2025-03-16,2026-04-27,No,10 mg once daily,
ONC-0406,Albuterol,Asthma,2025-08-03,,Yes,2 puffs as needed,
ONC-0407,Lisinopril,Hypertension,2022-12-02,,Yes,10 mg once daily,
ONC-0407,Aspirin,Cardiovascular prevention,2022-01-18,,Yes,81 mg once daily,
ONC-0407,Metformin,Type 2 Diabetes,2025-11-25,,Yes,500 mg twice daily,
ONC-0409,Atorvastatin,Hyperlipidemia,2022-02-01,,Yes,20 mg once daily,
ONC-0409,Metformin,Type 2 Diabetes,2024-09-14,2026-05-24,No,500 mg twice daily,
ONC-0412,Albuterol,Asthma,2022-04-04,2023-08-16,No,2 puffs as needed,
ONC-0412,Aspirin,Cardiovascular prevention,2023-11-11,2024-12-16,No,81 mg once daily,
ONC-0413,Metformin,Type 2 Diabetes,2020-12-29,2023-03-17,No,500 mg twice daily,
ONC-0413,Ibuprofen,Pain,2024-07-26,,Yes,200 mg as needed,
ONC-0413,Omeprazole,Gastroesophageal reflux,2023-01-24,,Yes,20 mg once daily,
ONC-0414,Metformin,Type 2 Diabetes,2022-08-30,2024-07-21,No,500 mg twice daily,
ONC-0415,Acetaminophen,Pain,2025-02-24,,Yes,500 mg as needed,
ONC-0416,Acetaminophen,Pain,2022-08-03,,Yes,500 mg as needed,
ONC-0416,Ibuprofen,Pain,2021-08-28,2023-09-18,No,200 mg as needed,
ONC-0417,Ibuprofen,Pain,2025-01-05,,Yes,200 mg as needed,
ONC-0417,Acetaminophen,Pain,2025-05-03,,Yes,500 mg as needed,
ONC-0418,Albuterol,Asthma,2025-10-25,2026-04-21,No,2 puffs as needed,
ONC-0418,Ibuprofen,Pain,2026-03-19,2026-04-26,No,200 mg as needed,
ONC-0419,Acetaminophen,Pain,2023-06-20,2025-11-06,No,500 mg as needed,
ONC-0419,Albuterol,Asthma,2023-01-24,,Yes,2 puffs as needed,
ONC-0419,Aspirin,Cardiovascular prevention,2024-11-03,2025-05-27,No,81 mg once daily,
ONC-0422,Omeprazole,Gastroesophageal reflux,2021-05-26,2023-07-05,No,20 mg once daily,
ONC-0424,Albuterol,Asthma,2024-07-02,,Yes,2 puffs as needed,
ONC-0424,Lisinopril,Hypertension,2020-09-14,2022-02-19,No,10 mg once daily,
ONC-0424,Aspirin,Cardiovascular prevention,2023-02-13,2023-10-02,No,81 mg once daily,
ONC-0426,Acetaminophen,Pain,2020-09-18,2021-03-11,No,500 mg as needed,
ONC-0426,Metformin,Type 2 Diabetes,2023-08-12,,Yes,500 mg twice daily,
ONC-0426,Aspirin,Cardiovascular prevention,2023-01-25,2024-07-22,No,81 mg once daily,
ONC-0427,Aspirin,Cardiovascular prevention,2021-04-11,,Yes,81 mg once daily,
ONC-0427,Atorvastatin,Hyperlipidemia,2022-07-19,,Yes,20 mg once daily,
ONC-0429,Aspirin,Cardiovascular prevention,2021-01-01,,Yes,81 mg once daily,
ONC-0429,Lisinopril,Hypertension,2022-04-07,,Yes,10 mg once daily,
ONC-0430,Metformin,Type 2 Diabetes,2022-10-02,,Yes,500 mg twice daily,
ONC-0430,Atorvastatin,Hyperlipidemia,2021-10-10,2022-11-22,No,20 mg once daily,
ONC-0431,Albuterol,Asthma,2021-07-01,,Yes,2 puffs as needed,
ONC-0431,Atorvastatin,Hyperlipidemia,2024-11-15,,Yes,20 mg once daily,
ONC-0431,Ibuprofen,Pain,2025-07-06,,Yes,200 mg as needed,
ONC-0432,Albuterol,Asthma,2020-09-22,,Yes,2 puffs as needed,
ONC-0432,Ibuprofen,Pain,2025-07-09,,Yes,200 mg as needed,
ONC-0432,Metformin,Type 2 Diabetes,2021-03-15,2021-04-26,No,500 mg twice daily,
ONC-0433,Metformin,Type 2 Diabetes,2021-02-11,,Yes,500 mg twice daily,
ONC-0433,Ibuprofen,Pain,2021-03-18,,Yes,200 mg as needed,
ONC-0433,Acetaminophen,Pain,2022-06-09,,Yes,500 mg as needed,
ONC-0436,Ibuprofen,Pain,2023-05-29,2024-12-07,No,200 mg as needed,
ONC-0436,Albuterol,Asthma,2026-01-04,,Yes,2 puffs as needed,
ONC-0436,Acetaminophen,Pain,2022-03-19,,Yes,500 mg as needed,
ONC-0437,Atorvastatin,Hyperlipidemia,2024-09-24,,Yes,20 mg once daily,
ONC-0438,Acetaminophen,Pain,2024-12-16,,Yes,500 mg as needed,
ONC-0438,Ibuprofen,Pain,2025-07-29,,Yes,200 mg as needed,
ONC-0438,Metformin,Type 2 Diabetes,2025-12-23,,Yes,500 mg twice daily,
ONC-0440,Ibuprofen,Pain,2022-07-20,,Yes,200 mg as needed,
ONC-0440,Aspirin,Cardiovascular prevention,2025-11-15,,Yes,81 mg once daily,
ONC-0442,Atorvastatin,Hyperlipidemia,2025-03-25,2026-02-12,No,20 mg once daily,
ONC-0442,Aspirin,Cardiovascular prevention,2023-10-13,,Yes,81 mg once daily,
ONC-0442,Metformin,Type 2 Diabetes,2021-06-21,2022-09-04,No,500 mg twice daily,
ONC-0443,Ibuprofen,Pain,2025-02-11,,Yes,200 mg as needed,
ONC-0443,Albuterol,Asthma,2020-09-29,,Yes,2 puffs as needed,
ONC-0444,Aspirin,Cardiovascular prevention,2023-08-11,,Yes,81 mg once daily,
ONC-0444,Acetaminophen,Pain,2023-09-08,,Yes,500 mg as needed,
ONC-0444,Lisinopril,Hypertension,2025-12-22,2026-02-11,No,10 mg once daily,
ONC-0445,Albuterol,Asthma,2023-04-07,,Yes,2 puffs as needed,
ONC-0445,Omeprazole,Gastroesophageal reflux,2024-09-13,,Yes,20 mg once daily,
ONC-0445,Acetaminophen,Pain,2024-09-13,,Yes,500 mg as needed,
ONC-0446,Ibuprofen,Pain,2024-07-13,,Yes,200 mg as needed,
ONC-0446,Omeprazole,Gastroesophageal reflux,2024-02-22,2025-09-20,No,20 mg once daily,
ONC-0447,Aspirin,Cardiovascular prevention,2022-08-17,,Yes,81 mg once daily,
ONC-0447,Albuterol,Asthma,2023-11-22,,Yes,2 puffs as needed,
ONC-0447,Acetaminophen,Pain,2025-10-31,,Yes,500 mg as needed,
ONC-0448,Omeprazole,Gastroesophageal reflux,2021-03-20,,Yes,20 mg once daily,
ONC-0448,Albuterol,Asthma,2022-04-22,2023-03-12,No,2 puffs as needed,
ONC-0448,Ibuprofen,Pain,2023-12-04,2025-12-12,No,200 mg as needed,
ONC-0449,Lisinopril,Hypertension,2023-07-05,,Yes,10 mg once daily,
ONC-0449,Ibuprofen,Pain,2025-09-14,,Yes,200 mg as needed,
ONC-0449,Omeprazole,Gastroesophageal reflux,2025-10-15,,Yes,20 mg once daily,
ONC-0451,Aspirin,Cardiovascular prevention,2020-09-25,2022-08-19,No,81 mg once daily,
ONC-0451,Acetaminophen,Pain,2023-07-17,2025-05-27,No,500 mg as needed,
ONC-0451,Omeprazole,Gastroesophageal reflux,2020-08-29,,Yes,20 mg once daily,
ONC-0452,Acetaminophen,Pain,2026-02-01,,Yes,500 mg as needed,
ONC-0452,Aspirin,Cardiovascular prevention,2024-04-11,2025-02-22,No,81 mg once daily,
ONC-0452,Omeprazole,Gastroesophageal reflux,2025-10-13,,Yes,20 mg once daily,
ONC-0453,Lisinopril,Hypertension,2025-06-25,,Yes,10 mg once daily,
ONC-0454,Albuterol,Asthma,2021-07-26,,Yes,2 puffs as needed,
ONC-0454,Aspirin,Cardiovascular prevention,2024-06-22,,Yes,81 mg once daily,
ONC-0454,Metformin,Type 2 Diabetes,2025-02-15,,Yes,500 mg twice daily,
ONC-0455,Lisinopril,Hypertension,2024-06-02,,Yes,10 mg once daily,
ONC-0455,Acetaminophen,Pain,2025-04-28,,Yes,500 mg as needed,
ONC-0455,Ibuprofen,Pain,2023-05-20,,Yes,200 mg as needed,
ONC-0456,Aspirin,Cardiovascular prevention,2023-08-06,,Yes,81 mg once daily,
ONC-0456,Omeprazole,Gastroesophageal reflux,2023-11-13,,Yes,20 mg once daily,
ONC-0457,Atorvastatin,Hyperlipidemia,2023-04-22,,Yes,20 mg once daily,
ONC-0458,Lisinopril,Hypertension,2021-10-16,2023-06-05,No,10 mg once daily,
ONC-0458,Ibuprofen,Pain,2022-09-07,,Yes,200 mg as needed,
ONC-0458,Aspirin,Cardiovascular prevention,2025-06-10,,Yes,81 mg once daily,
ONC-0459,Metformin,Type 2 Diabetes,2022-12-24,,Yes,500 mg twice daily,
ONC-0460,Omeprazole,Gastroesophageal reflux,2024-07-31,,Yes,20 mg once daily,
ONC-0460,Lisinopril,Hypertension,2021-04-17,,Yes,10 mg once daily,
ONC-0460,Ibuprofen,Pain,2025-01-24,2026-02-13,No,200 mg as needed,
ONC-0462,Metformin,Type 2 Diabetes,2025-06-07,,Yes,500 mg twice daily,
ONC-0464,Ibuprofen,Pain,2022-01-23,2023-05-05,No,200 mg as needed,
ONC-0465,Ibuprofen,Pain,2023-07-24,2024-10-21,No,200 mg as needed,
ONC-0465,Lisinopril,Hypertension,2021-03-08,,Yes,10 mg once daily,
ONC-0466,Ibuprofen,Pain,2025-05-09,,Yes,200 mg as needed,
ONC-0468,Lisinopril,Hypertension,2023-02-19,2025-02-22,No,10 mg once daily,
ONC-0468,Aspirin,Cardiovascular prevention,2025-11-18,,Yes,81 mg once daily,
ONC-0468,Metformin,Type 2 Diabetes,2021-03-15,,Yes,500 mg twice daily,
ONC-0469,Metformin,Type 2 Diabetes,2024-05-05,,Yes,500 mg twice daily,
ONC-0473,Atorvastatin,Hyperlipidemia,2022-08-27,2023-10-12,No,20 mg once daily,
ONC-0473,Aspirin,Cardiovascular prevention,2023-11-24,,Yes,81 mg once daily,
ONC-0474,Metformin,Type 2 Diabetes,2022-03-08,2022-07-11,No,500 mg twice daily,
ONC-0475,Atorvastatin,Hyperlipidemia,2021-02-28,,Yes,20 mg once daily,
ONC-0476,Atorvastatin,Hyperlipidemia,2024-05-15,,Yes,20 mg once daily,
ONC-0478,Acetaminophen,Pain,2021-10-21,,Yes,500 mg as needed,
ONC-0478,Aspirin,Cardiovascular prevention,2025-07-19,,Yes,81 mg once daily,
ONC-0480,Aspirin,Cardiovascular prevention,2020-12-22,2023-08-20,No,81 mg once daily,
ONC-0481,Ibuprofen,Pain,2024-01-15,,Yes,200 mg as needed,
ONC-0481,Omeprazole,Gastroesophageal reflux,2021-12-29,,Yes,20 mg once daily,
ONC-0483,Lisinopril,Hypertension,2024-12-20,,Yes,10 mg once daily,
ONC-0483,Aspirin,Cardiovascular prevention,2021-04-05,2021-10-20,No,81 mg once daily,
ONC-0483,Metformin,Type 2 Diabetes,2025-10-02,,Yes,500 mg twice daily,
ONC-0484,Ibuprofen,Pain,2024-06-04,,Yes,200 mg as needed,
ONC-0484,Acetaminophen,Pain,2024-01-01,,Yes,500 mg as needed,
ONC-0485,Albuterol,Asthma,2022-09-19,,Yes,2 puffs as needed,
ONC-0485,Acetaminophen,Pain,2023-11-28,,Yes,500 mg as needed,
ONC-0485,Omeprazole,Gastroesophageal reflux,2025-07-18,2026-02-10,No,20 mg once daily,
ONC-0488,Lisinopril,Hypertension,2022-08-23,2022-12-13,No,10 mg once daily,
ONC-0488,Atorvastatin,Hyperlipidemia,2025-02-18,,Yes,20 mg once daily,
ONC-0489,Aspirin,Cardiovascular prevention,2023-09-17,,Yes,81 mg once daily,
ONC-0489,Omeprazole,Gastroesophageal reflux,2021-10-18,,Yes,20 mg once daily,
ONC-0490,Acetaminophen,Pain,2022-05-31,,Yes,500 mg as needed,
ONC-0490,Metformin,Type 2 Diabetes,2024-11-30,,Yes,500 mg twice daily,
ONC-0493,Lisinopril,Hypertension,2021-11-04,,Yes,10 mg once daily,
ONC-0493,Ibuprofen,Pain,2024-05-25,,Yes,200 mg as needed,
ONC-0493,Atorvastatin,Hyperlipidemia,2024-03-10,2026-03-02,No,20 mg once daily,
ONC-0494,Atorvastatin,Hyperlipidemia,2022-09-21,,Yes,20 mg once daily,
ONC-0496,Aspirin,Cardiovascular prevention,2025-05-11,,Yes,81 mg once daily,
ONC-0496,Lisinopril,Hypertension,2022-03-28,2023-03-16,No,10 mg once daily,
ONC-0497,Aspirin,Cardiovascular prevention,2023-11-18,,Yes,81 mg once daily,
ONC-0497,Metformin,Type 2 Diabetes,2021-12-26,,Yes,500 mg twice daily,
ONC-0497,Albuterol,Asthma,2020-10-14,,Yes,2 puffs as needed,
ONC-0498,Omeprazole,Gastroesophageal reflux,2022-06-20,,Yes,20 mg once daily,
ONC-0498,Ibuprofen,Pain,2023-03-26,,Yes,200 mg as needed,
ONC-0498,Atorvastatin,Hyperlipidemia,2021-12-25,,Yes,20 mg once daily,
ONC-0499,Ibuprofen,Pain,2022-10-31,,Yes,200 mg as needed,
ONC-0499,Lisinopril,Hypertension,2023-03-15,,Yes,10 mg once daily,
ONC-0499,Atorvastatin,Hyperlipidemia,2021-03-22,2023-06-23,No,20 mg once daily,
