subject_id,medical_condition,condition_category,condition_start_date,condition_end_date,condition_ongoing,comments
ONC-0001,Hypertension,Cardiovascular,2024-03-07,2026-02-21,No,
ONC-0002,Migraine,Neurological,2022-10-04,,Yes,
ONC-0003,Asthma,Respiratory,2023-12-21,,Yes,
ONC-0003,Hypertension,Cardiovascular,2021-10-03,,Yes,
ONC-0004,Asthma,Respiratory,2020-02-11,2022-02-10,No,
ONC-0005,Migraine,Neurological,2023-11-15,,Yes,
ONC-0006,Migraine,Neurological,2020-06-06,,Yes,
ONC-0006,Gastroesophageal Reflux Disease,Gastrointestinal,2024-09-24,,Yes,
ONC-0006,Type 2 Diabetes,Endocrine/Metabolic,2020-05-16,,Yes,
ONC-0007,Gastroesophageal Reflux Disease,Gastrointestinal,2020-09-21,2021-06-17,No,
ONC-0007,Type 2 Diabetes,Endocrine/Metabolic,2024-02-20,,Yes,
ONC-0008,Osteoarthritis,Other,2023-11-29,2025-03-16,No,
ONC-0009,Gastroesophageal Reflux Disease,Gastrointestinal,2023-04-15,,Yes,
ONC-0009,Hyperlipidemia,Endocrine/Metabolic,2024-10-10,2026-05-29,No,
ONC-0010,Asthma,Respiratory,2021-02-12,,Yes,
ONC-0010,Osteoarthritis,Other,2021-11-22,2024-07-04,No,
ONC-0010,Hyperlipidemia,Endocrine/Metabolic,2021-03-10,,Yes,
ONC-0011,Hypertension,Cardiovascular,2021-12-31,,Yes,
ONC-0011,Hyperlipidemia,Endocrine/Metabolic,2024-01-07,,Yes,
ONC-0011,Osteoarthritis,Other,2025-03-08,,Yes,
ONC-0012,Asthma,Respiratory,2023-07-17,,Yes,
ONC-0012,Osteoarthritis,Other,2019-11-25,,Yes,
ONC-0013,Hypertension,Cardiovascular,2020-08-27,,Yes,
ONC-0013,Asthma,Respiratory,2023-12-26,,Yes,
ONC-0013,Osteoarthritis,Other,2021-03-05,2024-08-17,No,
ONC-0014,Type 2 Diabetes,Endocrine/Metabolic,2024-12-17,,Yes,
ONC-0014,Asthma,Respiratory,2023-12-07,2026-01-10,No,
ONC-0015,Type 2 Diabetes,Endocrine/Metabolic,2021-09-10,,Yes,
ONC-0015,Chronic Kidney Disease,Renal,2021-06-08,,Yes,
ONC-0015,Hypertension,Cardiovascular,2021-03-07,2022-11-19,No,
ONC-0016,Gastroesophageal Reflux Disease,Gastrointestinal,2022-06-18,,Yes,
ONC-0016,Osteoarthritis,Other,2020-03-19,,Yes,
ONC-0017,Gastroesophageal Reflux Disease,Gastrointestinal,2021-10-22,,Yes,
ONC-0017,Osteoarthritis,Other,2024-03-12,2026-03-05,No,
ONC-0017,Hypertension,Cardiovascular,2023-11-01,2024-09-18,No,
ONC-0018,Type 2 Diabetes,Endocrine/Metabolic,2020-04-25,,Yes,
ONC-0018,Migraine,Neurological,2024-09-17,2026-04-27,No,
ONC-0018,Hyperlipidemia,Endocrine/Metabolic,2023-03-09,,Yes,
ONC-0019,Osteoarthritis,Other,2022-08-19,,Yes,
ONC-0019,Hyperlipidemia,Endocrine/Metabolic,2019-07-14,2023-01-17,No,
ONC-0020,Chronic Kidney Disease,Renal,2019-12-24,2021-07-09,No,
ONC-0021,Asthma,Respiratory,2020-10-15,,Yes,
ONC-0022,Chronic Kidney Disease,Renal,2024-09-26,2026-03-18,No,
ONC-0022,Gastroesophageal Reflux Disease,Gastrointestinal,2022-10-27,2025-09-18,No,
ONC-0023,Migraine,Neurological,2020-05-20,,Yes,
ONC-0023,Hypertension,Cardiovascular,2024-11-02,,Yes,
ONC-0023,Hyperlipidemia,Endocrine/Metabolic,2019-04-30,2022-08-03,No,
ONC-0024,Type 2 Diabetes,Endocrine/Metabolic,2025-01-25,2026-03-02,No,
ONC-0025,Hyperlipidemia,Endocrine/Metabolic,2021-01-08,2022-06-09,No,
ONC-0025,Type 2 Diabetes,Endocrine/Metabolic,2023-02-17,2024-11-23,No,
ONC-0026,Osteoarthritis,Other,2020-06-23,,Yes,
ONC-0026,Gastroesophageal Reflux Disease,Gastrointestinal,2023-10-22,,Yes,
ONC-0027,Type 2 Diabetes,Endocrine/Metabolic,2021-04-27,,Yes,
ONC-0027,Migraine,Neurological,2024-12-22,,Yes,
ONC-0027,Chronic Kidney Disease,Renal,2020-12-13,,Yes,
ONC-0028,Chronic Kidney Disease,Renal,2022-05-11,,Yes,
ONC-0029,Chronic Kidney Disease,Renal,2023-08-11,,Yes,
ONC-0029,Osteoarthritis,Other,2025-03-02,2026-05-03,No,
ONC-0029,Type 2 Diabetes,Endocrine/Metabolic,2023-10-02,2024-07-05,No,
ONC-0030,Asthma,Respiratory,2021-11-20,2023-11-14,No,
ONC-0031,Migraine,Neurological,2022-10-02,,Yes,
ONC-0032,Hypertension,Cardiovascular,2021-03-30,,Yes,
ONC-0032,Type 2 Diabetes,Endocrine/Metabolic,2019-05-22,,Yes,
ONC-0032,Osteoarthritis,Other,2022-12-19,,Yes,
ONC-0033,Osteoarthritis,Other,2019-11-26,2021-02-04,No,
ONC-0033,Type 2 Diabetes,Endocrine/Metabolic,2024-07-03,,Yes,
ONC-0034,Asthma,Respiratory,2025-02-28,,Yes,
ONC-0034,Migraine,Neurological,2022-08-06,2023-08-07,No,
ONC-0035,Asthma,Respiratory,2021-12-21,,Yes,
ONC-0035,Migraine,Neurological,2022-10-16,,Yes,
ONC-0035,Type 2 Diabetes,Endocrine/Metabolic,2024-11-08,2026-04-22,No,
ONC-0036,Hyperlipidemia,Endocrine/Metabolic,2021-04-14,2025-03-05,No,
ONC-0036,Osteoarthritis,Other,2020-02-12,,Yes,
ONC-0036,Hypertension,Cardiovascular,2022-09-13,,Yes,
ONC-0037,Migraine,Neurological,2019-11-16,,Yes,
ONC-0037,Asthma,Respiratory,2019-12-03,,Yes,
ONC-0037,Type 2 Diabetes,Endocrine/Metabolic,2021-01-06,2021-08-18,No,
ONC-0038,Migraine,Neurological,2023-10-18,,Yes,
ONC-0038,Hyperlipidemia,Endocrine/Metabolic,2021-01-05,,Yes,
ONC-0039,Type 2 Diabetes,Endocrine/Metabolic,2019-08-13,2021-11-21,No,
ONC-0039,Asthma,Respiratory,2021-12-17,2025-03-19,No,
ONC-0039,Hypertension,Cardiovascular,2021-07-14,2023-07-26,No,
ONC-0040,Gastroesophageal Reflux Disease,Gastrointestinal,2023-10-25,,Yes,
ONC-0040,Migraine,Neurological,2020-09-29,,Yes,
ONC-0040,Chronic Kidney Disease,Renal,2019-08-20,2021-03-10,No,
ONC-0041,Hypertension,Cardiovascular,2020-11-27,,Yes,
ONC-0041,Chronic Kidney Disease,Renal,2022-08-11,2026-05-08,No,
ONC-0042,Asthma,Respiratory,2023-04-30,,Yes,
ONC-0043,Type 2 Diabetes,Endocrine/Metabolic,2023-12-05,,Yes,
ONC-0043,Hypertension,Cardiovascular,2020-03-30,,Yes,
ONC-0044,Hypertension,Cardiovascular,2021-08-15,,Yes,
ONC-0044,Osteoarthritis,Other,2023-08-08,,Yes,
ONC-0045,Hypertension,Cardiovascular,2022-05-16,2023-10-04,No,
ONC-0045,Asthma,Respiratory,2021-02-25,,Yes,
ONC-0045,Osteoarthritis,Other,2024-08-03,2026-02-03,No,
ONC-0046,Type 2 Diabetes,Endocrine/Metabolic,2022-03-26,2022-12-11,No,
ONC-0046,Osteoarthritis,Other,2022-09-12,2023-04-30,No,
ONC-0047,Asthma,Respiratory,2021-03-21,,Yes,
ONC-0047,Hypertension,Cardiovascular,2021-01-01,,Yes,
ONC-0047,Hyperlipidemia,Endocrine/Metabolic,2020-12-25,,Yes,
ONC-0048,Osteoarthritis,Other,2019-09-16,,Yes,
ONC-0048,Hyperlipidemia,Endocrine/Metabolic,2021-10-24,2022-08-02,No,
ONC-0048,Type 2 Diabetes,Endocrine/Metabolic,2020-01-05,,Yes,
ONC-0049,Migraine,Neurological,2020-04-28,,Yes,
ONC-0050,Migraine,Neurological,2022-02-20,2025-03-24,No,
ONC-0051,Type 2 Diabetes,Endocrine/Metabolic,2025-02-14,,Yes,
ONC-0051,Hypertension,Cardiovascular,2021-12-14,2025-05-15,No,
ONC-0052,Hyperlipidemia,Endocrine/Metabolic,2021-10-31,2025-10-14,No,
ONC-0052,Hypertension,Cardiovascular,2023-03-24,2024-07-08,No,
ONC-0053,Hypertension,Cardiovascular,2022-09-27,,Yes,
ONC-0053,Type 2 Diabetes,Endocrine/Metabolic,2024-05-27,,Yes,
ONC-0054,Type 2 Diabetes,Endocrine/Metabolic,2024-12-08,,Yes,
ONC-0054,Asthma,Respiratory,2020-11-12,,Yes,
ONC-0054,Gastroesophageal Reflux Disease,Gastrointestinal,2023-09-16,,Yes,
ONC-0055,Asthma,Respiratory,2020-06-28,2021-01-28,No,
ONC-0055,Migraine,Neurological,2022-05-29,,Yes,
ONC-0056,Gastroesophageal Reflux Disease,Gastrointestinal,2020-08-17,2021-03-14,No,
ONC-0056,Osteoarthritis,Other,2023-10-23,,Yes,
ONC-0056,Hypertension,Cardiovascular,2020-08-12,,Yes,
ONC-0057,Chronic Kidney Disease,Renal,2021-06-22,,Yes,
ONC-0058,Chronic Kidney Disease,Renal,2025-02-02,2026-05-19,No,
ONC-0058,Osteoarthritis,Other,2024-03-22,2026-05-19,No,
ONC-0059,Gastroesophageal Reflux Disease,Gastrointestinal,2023-06-07,,Yes,
ONC-0059,Hyperlipidemia,Endocrine/Metabolic,2022-12-08,,Yes,
ONC-0059,Hypertension,Cardiovascular,2024-06-20,,Yes,
ONC-0060,Osteoarthritis,Other,2021-05-23,,Yes,
ONC-0060,Hyperlipidemia,Endocrine/Metabolic,2019-10-21,,Yes,
ONC-0061,Chronic Kidney Disease,Renal,2019-07-24,,Yes,
ONC-0061,Type 2 Diabetes,Endocrine/Metabolic,2024-06-09,,Yes,
ONC-0062,Asthma,Respiratory,2021-12-24,2024-01-31,No,
ONC-0062,Hyperlipidemia,Endocrine/Metabolic,2023-10-24,,Yes,
ONC-0063,Type 2 Diabetes,Endocrine/Metabolic,2024-07-23,,Yes,
ONC-0064,Hypertension,Cardiovascular,2019-11-14,2021-03-31,No,
ONC-0064,Type 2 Diabetes,Endocrine/Metabolic,2022-06-29,,Yes,
ONC-0065,Osteoarthritis,Other,2020-06-18,2022-04-07,No,
ONC-0065,Asthma,Respiratory,2022-11-09,,Yes,
ONC-0066,Type 2 Diabetes,Endocrine/Metabolic,2023-10-10,2025-07-26,No,
ONC-0066,Migraine,Neurological,2023-01-31,,Yes,
ONC-0066,Asthma,Respiratory,2020-04-08,,Yes,
ONC-0067,Asthma,Respiratory,2023-01-20,2023-11-27,No,
ONC-0067,Gastroesophageal Reflux Disease,Gastrointestinal,2021-08-26,,Yes,
ONC-0068,Hyperlipidemia,Endocrine/Metabolic,2022-11-19,,Yes,
ONC-0068,Gastroesophageal Reflux Disease,Gastrointestinal,2020-12-02,,Yes,
ONC-0069,Hypertension,Cardiovascular,2021-11-28,,Yes,
ONC-0069,Gastroesophageal Reflux Disease,Gastrointestinal,2023-01-12,,Yes,
ONC-0070,Type 2 Diabetes,Endocrine/Metabolic,2023-05-11,2025-12-21,No,
ONC-0070,Hyperlipidemia,Endocrine/Metabolic,2021-01-10,,Yes,
ONC-0070,Chronic Kidney Disease,Renal,2022-11-01,2026-04-18,No,
ONC-0071,Migraine,Neurological,2025-01-22,,Yes,
ONC-0071,Osteoarthritis,Other,2022-01-18,,Yes,
ONC-0072,Hypertension,Cardiovascular,2022-08-25,,Yes,
ONC-0072,Migraine,Neurological,2019-05-11,,Yes,
ONC-0073,Osteoarthritis,Other,2024-09-09,2026-03-05,No,
ONC-0073,Gastroesophageal Reflux Disease,Gastrointestinal,2023-07-30,,Yes,
ONC-0073,Migraine,Neurological,2020-01-21,,Yes,
ONC-0074,Osteoarthritis,Other,2021-12-06,2022-08-11,No,
ONC-0075,Gastroesophageal Reflux Disease,Gastrointestinal,2021-01-19,,Yes,
ONC-0075,Hyperlipidemia,Endocrine/Metabolic,2020-08-07,2023-01-29,No,
ONC-0076,Type 2 Diabetes,Endocrine/Metabolic,2021-07-07,,Yes,
ONC-0076,Hypertension,Cardiovascular,2021-07-25,,Yes,
ONC-0076,Chronic Kidney Disease,Renal,2021-09-10,,Yes,
ONC-0077,Asthma,Respiratory,2023-12-11,2025-04-08,No,
ONC-0078,Migraine,Neurological,2022-11-06,,Yes,
ONC-0079,Gastroesophageal Reflux Disease,Gastrointestinal,2023-12-05,,Yes,
ONC-0080,Gastroesophageal Reflux Disease,Gastrointestinal,2022-12-31,2024-06-10,No,
ONC-0080,Hypertension,Cardiovascular,2024-10-12,2025-12-06,No,
ONC-0081,Migraine,Neurological,2023-11-29,,Yes,
ONC-0082,Type 2 Diabetes,Endocrine/Metabolic,2022-01-10,2023-05-03,No,
ONC-0083,Osteoarthritis,Other,2025-03-13,2026-04-15,No,
ONC-0083,Hypertension,Cardiovascular,2021-09-10,,Yes,
ONC-0084,Gastroesophageal Reflux Disease,Gastrointestinal,2021-03-05,2023-11-19,No,
ONC-0085,Chronic Kidney Disease,Renal,2020-10-22,2022-08-05,No,
ONC-0086,Type 2 Diabetes,Endocrine/Metabolic,2025-01-18,,Yes,
ONC-0086,Hypertension,Cardiovascular,2022-02-20,2022-11-26,No,
ONC-0086,Migraine,Neurological,2024-01-07,,Yes,
ONC-0087,Asthma,Respiratory,2021-01-14,,Yes,
ONC-0087,Type 2 Diabetes,Endocrine/Metabolic,2022-06-02,,Yes,
ONC-0088,Migraine,Neurological,2021-04-11,,Yes,
ONC-0088,Hypertension,Cardiovascular,2021-04-03,,Yes,
ONC-0089,Asthma,Respiratory,2021-02-16,2024-09-09,No,
ONC-0090,Hyperlipidemia,Endocrine/Metabolic,2025-05-05,,Yes,
ONC-0090,Asthma,Respiratory,2022-06-29,,Yes,
ONC-0090,Type 2 Diabetes,Endocrine/Metabolic,2019-11-28,,Yes,
ONC-0091,Hyperlipidemia,Endocrine/Metabolic,2022-11-24,,Yes,
ONC-0091,Chronic Kidney Disease,Renal,2023-02-10,2024-06-20,No,
ONC-0092,Type 2 Diabetes,Endocrine/Metabolic,2019-08-28,,Yes,
ONC-0092,Osteoarthritis,Other,2021-01-18,,Yes,
ONC-0093,Asthma,Respiratory,2020-05-26,,Yes,
ONC-0093,Type 2 Diabetes,Endocrine/Metabolic,2021-06-10,,Yes,
ONC-0093,Hyperlipidemia,Endocrine/Metabolic,2024-05-03,,Yes,
ONC-0094,Gastroesophageal Reflux Disease,Gastrointestinal,2021-04-03,,Yes,
ONC-0094,Chronic Kidney Disease,Renal,2019-12-21,,Yes,
ONC-0094,Migraine,Neurological,2023-02-27,,Yes,
ONC-0095,Hypertension,Cardiovascular,2020-05-03,2022-04-30,No,
ONC-0095,Type 2 Diabetes,Endocrine/Metabolic,2023-06-05,,Yes,
ONC-0095,Chronic Kidney Disease,Renal,2021-08-08,,Yes,
ONC-0096,Gastroesophageal Reflux Disease,Gastrointestinal,2020-01-28,2023-12-14,No,
ONC-0096,Hypertension,Cardiovascular,2021-09-30,2022-06-09,No,
ONC-0096,Osteoarthritis,Other,2020-03-09,,Yes,
ONC-0097,Type 2 Diabetes,Endocrine/Metabolic,2020-03-23,,Yes,
ONC-0097,Gastroesophageal Reflux Disease,Gastrointestinal,2020-12-19,,Yes,
ONC-0097,Osteoarthritis,Other,2022-03-10,2024-08-29,No,
ONC-0098,Chronic Kidney Disease,Renal,2020-06-04,2022-02-19,No,
ONC-0099,Asthma,Respiratory,2020-05-03,,Yes,
ONC-0099,Chronic Kidney Disease,Renal,2021-04-18,,Yes,
ONC-0100,Gastroesophageal Reflux Disease,Gastrointestinal,2024-02-08,2026-02-16,No,
ONC-0101,Migraine,Neurological,2021-04-08,2022-11-13,No,
ONC-0101,Gastroesophageal Reflux Disease,Gastrointestinal,2022-12-15,,Yes,
ONC-0101,Hyperlipidemia,Endocrine/Metabolic,2022-04-09,2022-10-07,No,
ONC-0102,Migraine,Neurological,2022-06-26,2023-08-30,No,
ONC-0103,Gastroesophageal Reflux Disease,Gastrointestinal,2025-04-07,2026-03-11,No,
ONC-0103,Type 2 Diabetes,Endocrine/Metabolic,2021-10-17,2024-06-13,No,
ONC-0104,Hyperlipidemia,Endocrine/Metabolic,2025-02-07,,Yes,
ONC-0104,Chronic Kidney Disease,Renal,2021-04-06,2023-10-15,No,
ONC-0104,Asthma,Respiratory,2020-05-26,,Yes,
ONC-0105,Gastroesophageal Reflux Disease,Gastrointestinal,2022-08-10,,Yes,
ONC-0106,Hypertension,Cardiovascular,2022-03-24,,Yes,
ONC-0106,Migraine,Neurological,2023-11-20,2025-06-30,No,
ONC-0106,Asthma,Respiratory,2023-07-14,,Yes,
ONC-0107,Chronic Kidney Disease,Renal,2022-11-07,,Yes,
ONC-0107,Osteoarthritis,Other,2024-02-06,,Yes,
ONC-0107,Migraine,Neurological,2023-11-22,2026-01-19,No,
ONC-0108,Hypertension,Cardiovascular,2022-02-28,2025-06-21,No,
ONC-0108,Gastroesophageal Reflux Disease,Gastrointestinal,2023-03-20,,Yes,
ONC-0109,Migraine,Neurological,2019-08-07,,Yes,
ONC-0109,Hypertension,Cardiovascular,2023-01-25,2025-08-18,No,
ONC-0110,Asthma,Respiratory,2020-10-21,,Yes,
ONC-0110,Osteoarthritis,Other,2022-01-06,,Yes,
ONC-0111,Hyperlipidemia,Endocrine/Metabolic,2024-03-11,2025-12-14,No,
ONC-0111,Hypertension,Cardiovascular,2022-06-24,,Yes,
ONC-0111,Migraine,Neurological,2023-04-21,,Yes,
ONC-0112,Type 2 Diabetes,Endocrine/Metabolic,2023-12-07,,Yes,
ONC-0113,Hypertension,Cardiovascular,2023-02-21,2026-03-17,No,
ONC-0113,Asthma,Respiratory,2023-07-17,,Yes,
ONC-0114,Osteoarthritis,Other,2020-03-30,,Yes,
ONC-0115,Hypertension,Cardiovascular,2023-01-20,2024-05-21,No,
ONC-0115,Chronic Kidney Disease,Renal,2024-01-10,2025-08-06,No,
ONC-0116,Hyperlipidemia,Endocrine/Metabolic,2021-05-21,,Yes,
ONC-0116,Hypertension,Cardiovascular,2019-12-27,2022-03-22,No,
ONC-0116,Type 2 Diabetes,Endocrine/Metabolic,2024-09-29,2026-04-30,No,
ONC-0117,Asthma,Respiratory,2022-10-28,2025-11-14,No,
ONC-0118,Type 2 Diabetes,Endocrine/Metabolic,2020-09-04,2021-04-18,No,
ONC-0118,Asthma,Respiratory,2021-11-11,,Yes,
ONC-0118,Migraine,Neurological,2020-11-08,,Yes,
ONC-0119,Chronic Kidney Disease,Renal,2025-02-04,2026-04-30,No,
ONC-0119,Hypertension,Cardiovascular,2024-07-26,2026-05-09,No,
ONC-0120,Osteoarthritis,Other,2024-02-27,2025-03-10,No,
ONC-0121,Migraine,Neurological,2022-02-09,2025-07-14,No,
ONC-0122,Chronic Kidney Disease,Renal,2022-05-21,,Yes,
ONC-0122,Type 2 Diabetes,Endocrine/Metabolic,2020-05-23,,Yes,
ONC-0122,Migraine,Neurological,2020-04-09,2023-04-15,No,
ONC-0123,Gastroesophageal Reflux Disease,Gastrointestinal,2024-07-31,,Yes,
ONC-0123,Hyperlipidemia,Endocrine/Metabolic,2023-11-05,,Yes,
ONC-0123,Osteoarthritis,Other,2022-03-27,,Yes,
ONC-0124,Hypertension,Cardiovascular,2022-05-21,,Yes,
ONC-0124,Hyperlipidemia,Endocrine/Metabolic,2020-06-24,2024-01-18,No,
ONC-0125,Gastroesophageal Reflux Disease,Gastrointestinal,2019-09-24,,Yes,
ONC-0125,Hyperlipidemia,Endocrine/Metabolic,2022-02-03,,Yes,
ONC-0125,Osteoarthritis,Other,2022-01-10,,Yes,
ONC-0126,Hyperlipidemia,Endocrine/Metabolic,2022-04-23,2024-08-12,No,
ONC-0126,Migraine,Neurological,2020-01-23,2021-09-22,No,
ONC-0126,Asthma,Respiratory,2021-08-29,,Yes,
ONC-0127,Gastroesophageal Reflux Disease,Gastrointestinal,2024-04-10,2026-02-04,No,
ONC-0127,Type 2 Diabetes,Endocrine/Metabolic,2019-09-02,,Yes,
ONC-0128,Hypertension,Cardiovascular,2023-04-18,2025-03-22,No,
ONC-0128,Hyperlipidemia,Endocrine/Metabolic,2020-06-10,,Yes,
ONC-0129,Hyperlipidemia,Endocrine/Metabolic,2022-03-30,,Yes,
ONC-0130,Gastroesophageal Reflux Disease,Gastrointestinal,2023-07-30,2024-08-03,No,
ONC-0131,Hyperlipidemia,Endocrine/Metabolic,2021-06-24,,Yes,
ONC-0131,Asthma,Respiratory,2020-12-20,2023-07-11,No,
ONC-0131,Chronic Kidney Disease,Renal,2025-01-13,,Yes,
ONC-0132,Chronic Kidney Disease,Renal,2021-06-09,,Yes,
ONC-0132,Osteoarthritis,Other,2021-06-22,2024-05-03,No,
ONC-0132,Type 2 Diabetes,Endocrine/Metabolic,2019-11-02,,Yes,
ONC-0133,Gastroesophageal Reflux Disease,Gastrointestinal,2024-10-31,,Yes,
ONC-0133,Migraine,Neurological,2024-08-24,,Yes,
ONC-0134,Hypertension,Cardiovascular,2023-12-24,,Yes,
ONC-0134,Migraine,Neurological,2021-04-27,,Yes,
ONC-0134,Gastroesophageal Reflux Disease,Gastrointestinal,2022-09-27,2025-07-16,No,
ONC-0135,Osteoarthritis,Other,2022-11-14,,Yes,
ONC-0135,Asthma,Respiratory,2024-06-02,2025-09-15,No,
ONC-0136,Hypertension,Cardiovascular,2024-02-08,,Yes,
ONC-0137,Hyperlipidemia,Endocrine/Metabolic,2020-10-21,2021-06-08,No,
ONC-0137,Chronic Kidney Disease,Renal,2019-11-30,,Yes,
ONC-0137,Type 2 Diabetes,Endocrine/Metabolic,2024-06-11,,Yes,
ONC-0138,Chronic Kidney Disease,Renal,2024-08-21,,Yes,
ONC-0138,Asthma,Respiratory,2022-10-09,2025-07-23,No,
ONC-0139,Osteoarthritis,Other,2019-06-16,2023-01-18,No,
ONC-0140,Hypertension,Cardiovascular,2022-02-06,,Yes,
ONC-0141,Hypertension,Cardiovascular,2024-03-13,,Yes,
ONC-0141,Osteoarthritis,Other,2023-09-05,2024-06-17,No,
ONC-0142,Chronic Kidney Disease,Renal,2023-02-27,,Yes,
ONC-0143,Chronic Kidney Disease,Renal,2023-08-04,,Yes,
ONC-0143,Asthma,Respiratory,2021-01-12,,Yes,
ONC-0143,Hypertension,Cardiovascular,2021-05-08,,Yes,
ONC-0144,Osteoarthritis,Other,2020-02-02,2022-12-12,No,
ONC-0144,Type 2 Diabetes,Endocrine/Metabolic,2021-04-25,2023-01-04,No,
ONC-0145,Chronic Kidney Disease,Renal,2020-06-16,,Yes,
ONC-0145,Migraine,Neurological,2021-12-26,,Yes,
ONC-0146,Hypertension,Cardiovascular,2020-10-18,2024-04-04,No,
ONC-0146,Type 2 Diabetes,Endocrine/Metabolic,2023-01-31,,Yes,
ONC-0146,Migraine,Neurological,2023-08-05,2024-12-20,No,
ONC-0147,Osteoarthritis,Other,2022-02-22,,Yes,
ONC-0147,Gastroesophageal Reflux Disease,Gastrointestinal,2021-05-07,,Yes,
ONC-0147,Type 2 Diabetes,Endocrine/Metabolic,2023-12-01,,Yes,
ONC-0148,Migraine,Neurological,2021-08-04,,Yes,
ONC-0148,Hypertension,Cardiovascular,2020-11-08,,Yes,
ONC-0148,Osteoarthritis,Other,2024-08-27,,Yes,
ONC-0149,Hypertension,Cardiovascular,2023-08-29,2026-03-03,No,
ONC-0149,Gastroesophageal Reflux Disease,Gastrointestinal,2023-03-04,,Yes,
ONC-0150,Asthma,Respiratory,2019-12-30,2020-12-14,No,
ONC-0150,Osteoarthritis,Other,2024-10-09,2026-01-04,No,
ONC-0150,Type 2 Diabetes,Endocrine/Metabolic,2022-03-09,,Yes,
ONC-0151,Type 2 Diabetes,Endocrine/Metabolic,2022-02-02,,Yes,
ONC-0151,Hypertension,Cardiovascular,2024-01-06,,Yes,
ONC-0152,Chronic Kidney Disease,Renal,2022-05-25,,Yes,
ONC-0152,Asthma,Respiratory,2020-11-07,,Yes,
ONC-0152,Migraine,Neurological,2022-05-12,,Yes,
ONC-0153,Type 2 Diabetes,Endocrine/Metabolic,2022-10-01,,Yes,
ONC-0154,Chronic Kidney Disease,Renal,2021-11-16,,Yes,
ONC-0154,Asthma,Respiratory,2025-03-31,2026-04-12,No,
ONC-0155,Asthma,Respiratory,2024-08-24,,Yes,
ONC-0155,Migraine,Neurological,2021-05-24,,Yes,
ONC-0156,Osteoarthritis,Other,2020-10-02,,Yes,
ONC-0156,Chronic Kidney Disease,Renal,2023-12-17,,Yes,
ONC-0156,Gastroesophageal Reflux Disease,Gastrointestinal,2024-02-04,,Yes,
ONC-0157,Type 2 Diabetes,Endocrine/Metabolic,2024-10-29,2026-02-05,No,
ONC-0157,Osteoarthritis,Other,2024-06-09,,Yes,
ONC-0158,Hyperlipidemia,Endocrine/Metabolic,2021-05-04,,Yes,
ONC-0158,Migraine,Neurological,2020-07-10,,Yes,
ONC-0158,Asthma,Respiratory,2024-10-11,2025-12-14,No,
ONC-0159,Asthma,Respiratory,2023-01-10,2025-03-02,No,
ONC-0160,Asthma,Respiratory,2020-07-18,2022-11-18,No,
ONC-0160,Type 2 Diabetes,Endocrine/Metabolic,2019-09-29,2020-08-12,No,
ONC-0160,Gastroesophageal Reflux Disease,Gastrointestinal,2023-11-25,,Yes,
ONC-0161,Gastroesophageal Reflux Disease,Gastrointestinal,2020-07-18,2023-07-27,No,
ONC-0161,Asthma,Respiratory,2022-07-11,,Yes,
ONC-0161,Chronic Kidney Disease,Renal,2021-07-19,2022-11-22,No,
ONC-0162,Gastroesophageal Reflux Disease,Gastrointestinal,2022-06-29,2025-10-05,No,
ONC-0162,Type 2 Diabetes,Endocrine/Metabolic,2022-05-08,,Yes,
ONC-0162,Asthma,Respiratory,2020-02-11,,Yes,
ONC-0163,Type 2 Diabetes,Endocrine/Metabolic,2022-11-14,,Yes,
ONC-0163,Migraine,Neurological,2020-08-20,2022-02-26,No,
ONC-0164,Hyperlipidemia,Endocrine/Metabolic,2020-03-10,,Yes,
ONC-0165,Asthma,Respiratory,2021-09-12,2024-03-01,No,
ONC-0166,Type 2 Diabetes,Endocrine/Metabolic,2021-02-15,,Yes,
ONC-0167,Osteoarthritis,Other,2023-05-26,,Yes,
ONC-0167,Gastroesophageal Reflux Disease,Gastrointestinal,2020-10-27,2021-06-02,No,
ONC-0168,Asthma,Respiratory,2023-03-01,2025-12-20,No,
ONC-0169,Migraine,Neurological,2024-07-13,,Yes,
ONC-0169,Osteoarthritis,Other,2025-01-31,,Yes,
ONC-0169,Chronic Kidney Disease,Renal,2023-08-02,,Yes,
ONC-0170,Gastroesophageal Reflux Disease,Gastrointestinal,2022-03-11,2025-06-10,No,
ONC-0170,Type 2 Diabetes,Endocrine/Metabolic,2019-11-07,2022-09-26,No,
ONC-0170,Asthma,Respiratory,2019-12-09,,Yes,
ONC-0171,Chronic Kidney Disease,Renal,2024-04-26,2025-12-23,No,
ONC-0171,Hyperlipidemia,Endocrine/Metabolic,2024-09-29,2025-12-23,No,
ONC-0172,Chronic Kidney Disease,Renal,2019-08-03,,Yes,
ONC-0172,Type 2 Diabetes,Endocrine/Metabolic,2023-04-29,2025-05-16,No,
ONC-0172,Hypertension,Cardiovascular,2022-07-23,,Yes,
ONC-0173,Type 2 Diabetes,Endocrine/Metabolic,2020-10-08,,Yes,
ONC-0173,Hypertension,Cardiovascular,2024-02-04,,Yes,
ONC-0173,Migraine,Neurological,2021-10-16,2024-04-12,No,
ONC-0174,Osteoarthritis,Other,2024-06-06,,Yes,
ONC-0174,Asthma,Respiratory,2022-03-23,,Yes,
ONC-0174,Type 2 Diabetes,Endocrine/Metabolic,2024-06-02,,Yes,
ONC-0175,Osteoarthritis,Other,2019-08-22,,Yes,
ONC-0175,Gastroesophageal Reflux Disease,Gastrointestinal,2021-01-24,,Yes,
ONC-0176,Chronic Kidney Disease,Renal,2021-06-04,2023-11-20,No,
ONC-0176,Gastroesophageal Reflux Disease,Gastrointestinal,2022-09-15,2024-05-11,No,
ONC-0177,Osteoarthritis,Other,2023-05-25,,Yes,
ONC-0177,Asthma,Respiratory,2020-11-17,2022-03-13,No,
ONC-0178,Type 2 Diabetes,Endocrine/Metabolic,2021-10-07,,Yes,
ONC-0178,Hypertension,Cardiovascular,2019-07-29,,Yes,
ONC-0178,Osteoarthritis,Other,2020-11-27,,Yes,
ONC-0179,Chronic Kidney Disease,Renal,2020-05-13,,Yes,
ONC-0180,Chronic Kidney Disease,Renal,2023-05-07,,Yes,
ONC-0181,Gastroesophageal Reflux Disease,Gastrointestinal,2020-12-17,2022-04-02,No,
ONC-0182,Osteoarthritis,Other,2022-03-22,2024-01-13,No,
ONC-0183,Migraine,Neurological,2023-01-26,2025-05-03,No,
ONC-0183,Osteoarthritis,Other,2021-02-04,2023-02-08,No,
ONC-0184,Hypertension,Cardiovascular,2024-03-11,2025-11-21,No,
ONC-0185,Migraine,Neurological,2023-08-31,,Yes,
ONC-0186,Migraine,Neurological,2023-10-01,,Yes,
ONC-0187,Chronic Kidney Disease,Renal,2021-08-14,,Yes,
ONC-0188,Osteoarthritis,Other,2021-01-01,,Yes,
ONC-0189,Asthma,Respiratory,2023-12-27,,Yes,
ONC-0189,Migraine,Neurological,2023-02-05,,Yes,
ONC-0190,Asthma,Respiratory,2022-03-10,,Yes,
ONC-0190,Hypertension,Cardiovascular,2021-08-22,,Yes,
ONC-0191,Osteoarthritis,Other,2020-08-09,2024-08-23,No,
ONC-0191,Gastroesophageal Reflux Disease,Gastrointestinal,2024-08-02,,Yes,
ONC-0191,Hypertension,Cardiovascular,2023-09-27,2025-12-24,No,
ONC-0192,Hypertension,Cardiovascular,2021-01-15,2024-07-18,No,
ONC-0193,Chronic Kidney Disease,Renal,2023-05-09,2024-08-04,No,
ONC-0193,Hypertension,Cardiovascular,2020-02-22,,Yes,
ONC-0193,Osteoarthritis,Other,2023-10-17,,Yes,
ONC-0194,Hyperlipidemia,Endocrine/Metabolic,2020-12-03,,Yes,
ONC-0195,Osteoarthritis,Other,2023-10-22,2024-10-15,No,
ONC-0195,Asthma,Respiratory,2020-08-26,,Yes,
ONC-0195,Chronic Kidney Disease,Renal,2024-02-18,2026-03-22,No,
ONC-0196,Osteoarthritis,Other,2024-07-28,,Yes,
ONC-0196,Hyperlipidemia,Endocrine/Metabolic,2020-03-24,,Yes,
ONC-0196,Gastroesophageal Reflux Disease,Gastrointestinal,2020-01-31,,Yes,
ONC-0197,Hyperlipidemia,Endocrine/Metabolic,2023-03-30,,Yes,
ONC-0198,Osteoarthritis,Other,2024-03-07,,Yes,
ONC-0199,Type 2 Diabetes,Endocrine/Metabolic,2024-10-05,,Yes,
ONC-0199,Gastroesophageal Reflux Disease,Gastrointestinal,2024-08-25,,Yes,
ONC-0200,Type 2 Diabetes,Endocrine/Metabolic,2020-07-06,,Yes,
ONC-0200,Hypertension,Cardiovascular,2023-05-04,2025-12-19,No,
ONC-0201,Hyperlipidemia,Endocrine/Metabolic,2024-03-30,2026-05-17,No,
ONC-0201,Gastroesophageal Reflux Disease,Gastrointestinal,2022-02-27,,Yes,
ONC-0201,Hypertension,Cardiovascular,2022-12-06,2024-01-10,No,
ONC-0202,Asthma,Respiratory,2023-09-09,2026-01-27,No,
ONC-0203,Migraine,Neurological,2021-08-02,,Yes,
ONC-0203,Chronic Kidney Disease,Renal,2021-02-17,,Yes,
ONC-0204,Chronic Kidney Disease,Renal,2021-04-25,,Yes,
ONC-0204,Hypertension,Cardiovascular,2023-04-28,,Yes,
ONC-0204,Migraine,Neurological,2020-02-26,,Yes,
ONC-0205,Chronic Kidney Disease,Renal,2024-05-22,2026-02-23,No,
ONC-0205,Osteoarthritis,Other,2022-08-09,,Yes,
ONC-0205,Hyperlipidemia,Endocrine/Metabolic,2020-11-03,,Yes,
ONC-0206,Chronic Kidney Disease,Renal,2021-05-04,,Yes,
ONC-0206,Migraine,Neurological,2021-12-31,2023-02-23,No,
ONC-0206,Type 2 Diabetes,Endocrine/Metabolic,2021-03-14,,Yes,
ONC-0207,Osteoarthritis,Other,2023-02-14,,Yes,
ONC-0207,Asthma,Respiratory,2023-09-10,,Yes,
ONC-0208,Migraine,Neurological,2021-07-07,2023-06-26,No,
ONC-0209,Migraine,Neurological,2021-11-16,,Yes,
ONC-0209,Asthma,Respiratory,2022-01-22,2025-10-27,No,
ONC-0209,Osteoarthritis,Other,2020-04-09,,Yes,
ONC-0210,Osteoarthritis,Other,2021-05-23,,Yes,
ONC-0210,Hypertension,Cardiovascular,2020-06-13,,Yes,
ONC-0211,Gastroesophageal Reflux Disease,Gastrointestinal,2019-10-08,2023-04-14,No,
ONC-0212,Hypertension,Cardiovascular,2024-01-31,,Yes,
ONC-0212,Migraine,Neurological,2025-02-01,,Yes,
ONC-0213,Osteoarthritis,Other,2022-10-08,2024-01-06,No,
ONC-0213,Hypertension,Cardiovascular,2020-11-01,,Yes,
ONC-0214,Chronic Kidney Disease,Renal,2022-06-24,,Yes,
ONC-0214,Osteoarthritis,Other,2021-06-29,2024-08-28,No,
ONC-0215,Hyperlipidemia,Endocrine/Metabolic,2025-05-02,,Yes,
ONC-0216,Asthma,Respiratory,2024-10-13,,Yes,
ONC-0216,Migraine,Neurological,2022-04-26,,Yes,
ONC-0217,Type 2 Diabetes,Endocrine/Metabolic,2023-04-24,,Yes,
ONC-0217,Hypertension,Cardiovascular,2021-06-24,2025-04-18,No,
ONC-0218,Gastroesophageal Reflux Disease,Gastrointestinal,2020-03-12,,Yes,
ONC-0218,Hyperlipidemia,Endocrine/Metabolic,2023-05-13,,Yes,
ONC-0218,Migraine,Neurological,2023-09-26,,Yes,
ONC-0219,Osteoarthritis,Other,2019-12-02,,Yes,
ONC-0219,Hypertension,Cardiovascular,2024-03-31,,Yes,
ONC-0219,Hyperlipidemia,Endocrine/Metabolic,2022-12-11,,Yes,
ONC-0220,Hyperlipidemia,Endocrine/Metabolic,2021-12-01,,Yes,
ONC-0221,Hypertension,Cardiovascular,2022-12-09,2025-08-14,No,
ONC-0222,Osteoarthritis,Other,2024-09-11,,Yes,
ONC-0222,Chronic Kidney Disease,Renal,2020-12-14,,Yes,
ONC-0223,Asthma,Respiratory,2020-07-17,2023-04-25,No,
ONC-0224,Asthma,Respiratory,2020-04-22,,Yes,
ONC-0224,Hypertension,Cardiovascular,2022-10-27,,Yes,
ONC-0224,Hyperlipidemia,Endocrine/Metabolic,2021-04-21,,Yes,
ONC-0225,Osteoarthritis,Other,2022-11-23,,Yes,
ONC-0225,Type 2 Diabetes,Endocrine/Metabolic,2022-12-04,2026-01-24,No,
ONC-0225,Gastroesophageal Reflux Disease,Gastrointestinal,2023-05-05,,Yes,
ONC-0226,Chronic Kidney Disease,Renal,2022-09-19,2024-01-20,No,
ONC-0226,Hypertension,Cardiovascular,2024-01-23,,Yes,
ONC-0226,Type 2 Diabetes,Endocrine/Metabolic,2020-03-11,2021-11-27,No,
ONC-0227,Hypertension,Cardiovascular,2020-12-25,,Yes,
ONC-0228,Gastroesophageal Reflux Disease,Gastrointestinal,2021-12-03,,Yes,
ONC-0228,Type 2 Diabetes,Endocrine/Metabolic,2025-01-12,2026-05-29,No,
ONC-0228,Hyperlipidemia,Endocrine/Metabolic,2022-02-24,2025-11-12,No,
ONC-0229,Hyperlipidemia,Endocrine/Metabolic,2020-09-06,,Yes,
ONC-0229,Gastroesophageal Reflux Disease,Gastrointestinal,2020-10-30,2023-03-23,No,
ONC-0230,Gastroesophageal Reflux Disease,Gastrointestinal,2020-03-20,,Yes,
ONC-0230,Hypertension,Cardiovascular,2025-03-04,2025-10-08,No,
ONC-0231,Type 2 Diabetes,Endocrine/Metabolic,2022-06-16,,Yes,
ONC-0231,Osteoarthritis,Other,2024-03-19,,Yes,
ONC-0231,Migraine,Neurological,2022-04-11,,Yes,
ONC-0232,Hypertension,Cardiovascular,2023-01-29,2023-09-17,No,
ONC-0232,Type 2 Diabetes,Endocrine/Metabolic,2022-01-07,,Yes,
ONC-0232,Asthma,Respiratory,2020-07-07,,Yes,
ONC-0233,Asthma,Respiratory,2020-08-12,,Yes,
ONC-0234,Hypertension,Cardiovascular,2024-02-07,,Yes,
ONC-0235,Chronic Kidney Disease,Renal,2019-12-31,,Yes,
ONC-0235,Osteoarthritis,Other,2021-07-09,,Yes,
ONC-0236,Gastroesophageal Reflux Disease,Gastrointestinal,2022-07-31,,Yes,
ONC-0237,Type 2 Diabetes,Endocrine/Metabolic,2023-09-06,,Yes,
ONC-0238,Hypertension,Cardiovascular,2025-06-06,,Yes,
ONC-0238,Hyperlipidemia,Endocrine/Metabolic,2023-10-20,,Yes,
ONC-0238,Gastroesophageal Reflux Disease,Gastrointestinal,2021-07-21,,Yes,
ONC-0239,Osteoarthritis,Other,2020-09-26,2023-07-04,No,
ONC-0240,Osteoarthritis,Other,2024-11-06,2026-04-11,No,
ONC-0240,Asthma,Respiratory,2024-06-17,,Yes,
ONC-0241,Asthma,Respiratory,2020-12-26,2022-06-22,No,
ONC-0241,Gastroesophageal Reflux Disease,Gastrointestinal,2024-05-13,2026-01-26,No,
ONC-0241,Hypertension,Cardiovascular,2022-01-31,,Yes,
ONC-0242,Hyperlipidemia,Endocrine/Metabolic,2020-03-26,2023-03-17,No,
ONC-0242,Migraine,Neurological,2023-08-28,,Yes,
ONC-0242,Type 2 Diabetes,Endocrine/Metabolic,2022-07-20,,Yes,
ONC-0243,Hyperlipidemia,Endocrine/Metabolic,2020-07-15,2023-02-07,No,
ONC-0244,Chronic Kidney Disease,Renal,2024-12-31,,Yes,
ONC-0245,Type 2 Diabetes,Endocrine/Metabolic,2020-11-08,,Yes,
ONC-0245,Asthma,Respiratory,2022-09-08,,Yes,
ONC-0246,Hyperlipidemia,Endocrine/Metabolic,2022-03-21,,Yes,
ONC-0246,Asthma,Respiratory,2020-06-04,,Yes,
ONC-0246,Gastroesophageal Reflux Disease,Gastrointestinal,2022-11-01,,Yes,
ONC-0247,Migraine,Neurological,2021-02-14,,Yes,
ONC-0247,Osteoarthritis,Other,2021-12-23,,Yes,
ONC-0248,Hyperlipidemia,Endocrine/Metabolic,2025-02-04,2025-12-14,No,
ONC-0249,Migraine,Neurological,2025-04-05,2026-05-03,No,
ONC-0250,Gastroesophageal Reflux Disease,Gastrointestinal,2022-01-23,,Yes,
ONC-0251,Hyperlipidemia,Endocrine/Metabolic,2022-03-24,,Yes,
ONC-0252,Osteoarthritis,Other,2024-07-18,,Yes,
ONC-0252,Gastroesophageal Reflux Disease,Gastrointestinal,2021-04-23,2024-05-07,No,
ONC-0252,Chronic Kidney Disease,Renal,2019-07-23,,Yes,
ONC-0253,Chronic Kidney Disease,Renal,2023-11-19,,Yes,
ONC-0253,Hyperlipidemia,Endocrine/Metabolic,2021-05-08,2024-01-31,No,
ONC-0254,Hypertension,Cardiovascular,2024-10-22,,Yes,
ONC-0254,Chronic Kidney Disease,Renal,2019-08-04,2022-03-22,No,
ONC-0255,Hyperlipidemia,Endocrine/Metabolic,2024-08-23,,Yes,
ONC-0255,Migraine,Neurological,2019-08-15,2020-11-18,No,
ONC-0255,Gastroesophageal Reflux Disease,Gastrointestinal,2022-05-01,,Yes,
ONC-0256,Hypertension,Cardiovascular,2020-09-28,,Yes,
ONC-0256,Gastroesophageal Reflux Disease,Gastrointestinal,2022-10-13,,Yes,
ONC-0256,Type 2 Diabetes,Endocrine/Metabolic,2020-04-30,2021-03-18,No,
ONC-0257,Hyperlipidemia,Endocrine/Metabolic,2023-04-29,,Yes,
ONC-0257,Hypertension,Cardiovascular,2020-05-26,2021-11-03,No,
ONC-0257,Gastroesophageal Reflux Disease,Gastrointestinal,2019-06-10,,Yes,
ONC-0258,Gastroesophageal Reflux Disease,Gastrointestinal,2024-12-05,,Yes,
ONC-0258,Hyperlipidemia,Endocrine/Metabolic,2024-04-21,,Yes,
ONC-0258,Migraine,Neurological,2023-11-28,,Yes,
ONC-0259,Migraine,Neurological,2022-04-11,,Yes,
ONC-0260,Migraine,Neurological,2024-06-11,,Yes,
ONC-0260,Chronic Kidney Disease,Renal,2022-05-06,2024-02-11,No,
ONC-0260,Osteoarthritis,Other,2019-11-07,,Yes,
ONC-0261,Osteoarthritis,Other,2022-08-14,2025-04-27,No,
ONC-0261,Chronic Kidney Disease,Renal,2023-02-25,,Yes,
ONC-0261,Hyperlipidemia,Endocrine/Metabolic,2021-11-15,,Yes,
ONC-0262,Asthma,Respiratory,2020-06-10,,Yes,
ONC-0262,Osteoarthritis,Other,2022-10-05,,Yes,
ONC-0262,Gastroesophageal Reflux Disease,Gastrointestinal,2024-10-10,,Yes,
ONC-0263,Osteoarthritis,Other,2024-12-11,2026-03-26,No,
ONC-0263,Migraine,Neurological,2024-09-09,,Yes,
ONC-0263,Hyperlipidemia,Endocrine/Metabolic,2019-11-04,,Yes,
ONC-0264,Migraine,Neurological,2019-05-07,2022-11-29,No,
ONC-0265,Hypertension,Cardiovascular,2022-06-11,2026-03-06,No,
ONC-0266,Type 2 Diabetes,Endocrine/Metabolic,2024-01-31,,Yes,
ONC-0266,Migraine,Neurological,2022-02-06,2022-09-21,No,
ONC-0266,Hyperlipidemia,Endocrine/Metabolic,2020-05-18,2023-07-15,No,
ONC-0267,Type 2 Diabetes,Endocrine/Metabolic,2021-01-09,,Yes,
ONC-0267,Migraine,Neurological,2022-02-23,,Yes,
ONC-0267,Chronic Kidney Disease,Renal,2024-01-09,2025-02-22,No,
ONC-0268,Hyperlipidemia,Endocrine/Metabolic,2025-01-08,,Yes,
ONC-0268,Type 2 Diabetes,Endocrine/Metabolic,2025-04-30,,Yes,
ONC-0268,Hypertension,Cardiovascular,2023-04-27,,Yes,
ONC-0269,Osteoarthritis,Other,2019-08-08,,Yes,
ONC-0269,Migraine,Neurological,2023-04-28,,Yes,
ONC-0270,Osteoarthritis,Other,2021-05-23,,Yes,
ONC-0270,Migraine,Neurological,2020-02-28,,Yes,
ONC-0271,Gastroesophageal Reflux Disease,Gastrointestinal,2019-09-14,,Yes,
ONC-0272,Chronic Kidney Disease,Renal,2020-09-10,,Yes,
ONC-0272,Migraine,Neurological,2020-01-20,,Yes,
ONC-0273,Hypertension,Cardiovascular,2021-06-30,,Yes,
ONC-0274,Asthma,Respiratory,2023-01-11,,Yes,
ONC-0275,Hyperlipidemia,Endocrine/Metabolic,2019-09-18,,Yes,
ONC-0275,Gastroesophageal Reflux Disease,Gastrointestinal,2023-05-26,,Yes,
ONC-0275,Migraine,Neurological,2023-12-25,,Yes,
ONC-0276,Migraine,Neurological,2024-09-17,2026-01-22,No,
ONC-0276,Chronic Kidney Disease,Renal,2019-10-22,,Yes,
ONC-0276,Gastroesophageal Reflux Disease,Gastrointestinal,2024-12-08,2025-11-01,No,
ONC-0277,Hypertension,Cardiovascular,2022-07-28,,Yes,
ONC-0278,Gastroesophageal Reflux Disease,Gastrointestinal,2022-10-19,2023-12-24,No,
ONC-0278,Migraine,Neurological,2021-03-31,,Yes,
ONC-0279,Migraine,Neurological,2021-03-30,,Yes,
ONC-0280,Migraine,Neurological,2024-03-13,,Yes,
ONC-0280,Type 2 Diabetes,Endocrine/Metabolic,2024-04-18,,Yes,
ONC-0280,Osteoarthritis,Other,2024-09-20,2025-12-31,No,
ONC-0281,Chronic Kidney Disease,Renal,2020-11-24,2021-06-16,No,
ONC-0281,Asthma,Respiratory,2021-03-19,,Yes,
ONC-0281,Type 2 Diabetes,Endocrine/Metabolic,2020-12-29,2022-10-02,No,
ONC-0282,Hypertension,Cardiovascular,2021-02-03,,Yes,
ONC-0282,Migraine,Neurological,2020-09-27,2021-05-02,No,
ONC-0283,Migraine,Neurological,2022-08-01,,Yes,
ONC-0283,Hyperlipidemia,Endocrine/Metabolic,2024-09-09,,Yes,
ONC-0283,Asthma,Respiratory,2022-11-08,2026-05-19,No,
ONC-0284,Type 2 Diabetes,Endocrine/Metabolic,2025-03-05,,Yes,
ONC-0285,Hypertension,Cardiovascular,2023-04-11,,Yes,
ONC-0285,Asthma,Respiratory,2023-03-05,,Yes,
ONC-0286,Migraine,Neurological,2022-11-16,,Yes,
ONC-0286,Asthma,Respiratory,2025-02-03,2026-02-21,No,
ONC-0287,Osteoarthritis,Other,2021-07-24,,Yes,
ONC-0287,Type 2 Diabetes,Endocrine/Metabolic,2025-04-04,2026-03-27,No,
ONC-0287,Hypertension,Cardiovascular,2024-06-22,2025-06-13,No,
ONC-0288,Hypertension,Cardiovascular,2024-07-03,,Yes,
ONC-0288,Chronic Kidney Disease,Renal,2023-02-16,,Yes,
ONC-0289,Hypertension,Cardiovascular,2024-07-28,,Yes,
ONC-0289,Hyperlipidemia,Endocrine/Metabolic,2022-01-31,,Yes,
ONC-0290,Hyperlipidemia,Endocrine/Metabolic,2024-12-04,,Yes,
ONC-0290,Asthma,Respiratory,2021-09-02,2025-01-15,No,
ONC-0291,Osteoarthritis,Other,2021-04-14,,Yes,
ONC-0292,Asthma,Respiratory,2022-09-12,2026-02-18,No,
ONC-0293,Chronic Kidney Disease,Renal,2021-09-30,,Yes,
ONC-0293,Hyperlipidemia,Endocrine/Metabolic,2024-01-17,,Yes,
ONC-0293,Type 2 Diabetes,Endocrine/Metabolic,2019-05-02,2021-12-16,No,
ONC-0294,Migraine,Neurological,2025-02-27,,Yes,
ONC-0294,Chronic Kidney Disease,Renal,2023-09-28,,Yes,
ONC-0295,Chronic Kidney Disease,Renal,2020-09-06,,Yes,
ONC-0295,Hyperlipidemia,Endocrine/Metabolic,2020-08-20,2024-02-03,No,
ONC-0296,Migraine,Neurological,2024-01-22,2025-06-22,No,
ONC-0297,Osteoarthritis,Other,2022-05-23,2024-11-17,No,
ONC-0297,Migraine,Neurological,2022-10-20,,Yes,
ONC-0298,Hypertension,Cardiovascular,2019-05-21,2021-06-12,No,
ONC-0298,Asthma,Respiratory,2019-10-12,,Yes,
ONC-0299,Hypertension,Cardiovascular,2022-07-19,,Yes,
ONC-0299,Hyperlipidemia,Endocrine/Metabolic,2021-12-28,2022-11-20,No,
ONC-0299,Asthma,Respiratory,2019-11-01,,Yes,
ONC-0300,Osteoarthritis,Other,2021-02-28,2023-06-06,No,
ONC-0301,Type 2 Diabetes,Endocrine/Metabolic,2024-03-16,2026-01-13,No,
ONC-0301,Hyperlipidemia,Endocrine/Metabolic,2023-03-17,,Yes,
ONC-0302,Hypertension,Cardiovascular,2024-01-10,,Yes,
ONC-0303,Gastroesophageal Reflux Disease,Gastrointestinal,2022-12-12,,Yes,
ONC-0303,Hypertension,Cardiovascular,2024-09-15,,Yes,
ONC-0303,Type 2 Diabetes,Endocrine/Metabolic,2019-07-12,2021-09-30,No,
ONC-0304,Type 2 Diabetes,Endocrine/Metabolic,2020-11-28,,Yes,
ONC-0305,Chronic Kidney Disease,Renal,2020-04-01,,Yes,
ONC-0305,Gastroesophageal Reflux Disease,Gastrointestinal,2021-05-12,,Yes,
ONC-0305,Asthma,Respiratory,2022-02-14,2023-05-08,No,
ONC-0306,Asthma,Respiratory,2020-11-21,,Yes,
ONC-0306,Chronic Kidney Disease,Renal,2023-07-13,2025-12-05,No,
ONC-0307,Migraine,Neurological,2022-08-26,,Yes,
ONC-0308,Gastroesophageal Reflux Disease,Gastrointestinal,2021-01-16,,Yes,
ONC-0308,Osteoarthritis,Other,2024-02-26,2025-04-05,No,
ONC-0309,Hyperlipidemia,Endocrine/Metabolic,2021-11-22,,Yes,
ONC-0310,Migraine,Neurological,2023-03-24,,Yes,
ONC-0311,Migraine,Neurological,2023-02-26,,Yes,
ONC-0311,Hypertension,Cardiovascular,2025-05-14,,Yes,
ONC-0312,Gastroesophageal Reflux Disease,Gastrointestinal,2022-05-31,2023-01-05,No,
ONC-0313,Hypertension,Cardiovascular,2020-06-14,,Yes,
ONC-0313,Gastroesophageal Reflux Disease,Gastrointestinal,2019-06-11,2020-08-03,No,
ONC-0314,Hypertension,Cardiovascular,2020-11-10,,Yes,
ONC-0314,Migraine,Neurological,2025-05-13,2026-04-14,No,
ONC-0315,Asthma,Respiratory,2021-10-29,,Yes,
ONC-0315,Migraine,Neurological,2023-03-10,,Yes,
ONC-0316,Hypertension,Cardiovascular,2021-07-21,2024-03-27,No,
ONC-0316,Migraine,Neurological,2023-12-15,,Yes,
ONC-0317,Gastroesophageal Reflux Disease,Gastrointestinal,2024-01-15,,Yes,
ONC-0318,Hypertension,Cardiovascular,2022-04-04,,Yes,
ONC-0318,Hyperlipidemia,Endocrine/Metabolic,2020-07-20,,Yes,
ONC-0318,Type 2 Diabetes,Endocrine/Metabolic,2024-02-15,2026-04-16,No,
ONC-0319,Asthma,Respiratory,2019-12-18,,Yes,
ONC-0319,Migraine,Neurological,2019-12-05,2023-01-09,No,
ONC-0319,Gastroesophageal Reflux Disease,Gastrointestinal,2019-10-29,,Yes,
ONC-0320,Hyperlipidemia,Endocrine/Metabolic,2020-10-25,2023-08-14,No,
ONC-0321,Hyperlipidemia,Endocrine/Metabolic,2020-04-03,2022-07-19,No,
ONC-0321,Hypertension,Cardiovascular,2024-01-08,,Yes,
ONC-0321,Chronic Kidney Disease,Renal,2022-09-27,,Yes,
ONC-0322,Osteoarthritis,Other,2022-03-15,,Yes,
ONC-0323,Chronic Kidney Disease,Renal,2024-10-09,,Yes,
ONC-0324,Gastroesophageal Reflux Disease,Gastrointestinal,2022-09-22,,Yes,
ONC-0324,Hypertension,Cardiovascular,2023-07-31,,Yes,
ONC-0325,Migraine,Neurological,2025-04-14,2026-03-15,No,
ONC-0325,Hyperlipidemia,Endocrine/Metabolic,2021-04-20,,Yes,
ONC-0326,Chronic Kidney Disease,Renal,2023-02-25,,Yes,
ONC-0327,Migraine,Neurological,2020-06-13,2023-06-09,No,
ONC-0328,Asthma,Respiratory,2023-08-18,,Yes,
ONC-0328,Gastroesophageal Reflux Disease,Gastrointestinal,2020-12-17,2024-08-27,No,
ONC-0329,Hyperlipidemia,Endocrine/Metabolic,2024-01-08,2026-01-10,No,
ONC-0329,Chronic Kidney Disease,Renal,2023-08-27,2026-01-10,No,
ONC-0329,Type 2 Diabetes,Endocrine/Metabolic,2020-08-17,,Yes,
ONC-0330,Migraine,Neurological,2020-04-08,,Yes,
ONC-0330,Type 2 Diabetes,Endocrine/Metabolic,2020-09-01,2022-09-23,No,
ONC-0331,Migraine,Neurological,2024-08-08,,Yes,
ONC-0331,Gastroesophageal Reflux Disease,Gastrointestinal,2020-10-02,,Yes,
ONC-0332,Asthma,Respiratory,2019-12-10,,Yes,
ONC-0332,Chronic Kidney Disease,Renal,2024-08-15,,Yes,
ONC-0332,Hypertension,Cardiovascular,2024-08-21,,Yes,
ONC-0333,Asthma,Respiratory,2021-03-11,,Yes,
ONC-0334,Hypertension,Cardiovascular,2020-03-09,,Yes,
ONC-0334,Hyperlipidemia,Endocrine/Metabolic,2024-06-05,,Yes,
ONC-0335,Migraine,Neurological,2019-09-12,,Yes,
ONC-0335,Hyperlipidemia,Endocrine/Metabolic,2023-10-07,,Yes,
ONC-0336,Type 2 Diabetes,Endocrine/Metabolic,2020-08-19,,Yes,
ONC-0336,Asthma,Respiratory,2020-06-28,,Yes,
ONC-0337,Osteoarthritis,Other,2019-12-11,2022-07-25,No,
ONC-0337,Hypertension,Cardiovascular,2021-04-04,,Yes,
ONC-0338,Type 2 Diabetes,Endocrine/Metabolic,2022-01-21,2025-01-26,No,
ONC-0338,Asthma,Respiratory,2019-10-20,,Yes,
ONC-0339,Chronic Kidney Disease,Renal,2022-09-18,,Yes,
ONC-0339,Type 2 Diabetes,Endocrine/Metabolic,2020-01-02,,Yes,
ONC-0340,Hyperlipidemia,Endocrine/Metabolic,2023-05-28,,Yes,
ONC-0340,Type 2 Diabetes,Endocrine/Metabolic,2021-05-21,2025-01-14,No,
ONC-0341,Migraine,Neurological,2021-02-21,,Yes,
ONC-0341,Gastroesophageal Reflux Disease,Gastrointestinal,2023-08-11,,Yes,
ONC-0342,Gastroesophageal Reflux Disease,Gastrointestinal,2020-02-15,,Yes,
ONC-0342,Asthma,Respiratory,2022-07-27,2024-04-16,No,
ONC-0342,Migraine,Neurological,2022-11-23,,Yes,
ONC-0343,Hypertension,Cardiovascular,2021-09-15,,Yes,
ONC-0344,Hyperlipidemia,Endocrine/Metabolic,2020-05-30,,Yes,
ONC-0345,Hyperlipidemia,Endocrine/Metabolic,2023-10-21,2025-08-14,No,
ONC-0346,Hypertension,Cardiovascular,2023-06-20,,Yes,
ONC-0346,Gastroesophageal Reflux Disease,Gastrointestinal,2020-09-01,2023-08-28,No,
ONC-0346,Type 2 Diabetes,Endocrine/Metabolic,2023-01-08,2025-08-05,No,
ONC-0347,Migraine,Neurological,2020-09-30,,Yes,
ONC-0348,Hyperlipidemia,Endocrine/Metabolic,2022-05-27,,Yes,
ONC-0348,Hypertension,Cardiovascular,2024-11-15,2026-05-15,No,
ONC-0348,Asthma,Respiratory,2022-10-04,2024-02-25,No,
ONC-0349,Gastroesophageal Reflux Disease,Gastrointestinal,2022-04-08,,Yes,
ONC-0349,Osteoarthritis,Other,2024-05-30,,Yes,
ONC-0349,Asthma,Respiratory,2021-11-07,,Yes,
ONC-0350,Migraine,Neurological,2023-02-25,,Yes,
ONC-0350,Type 2 Diabetes,Endocrine/Metabolic,2022-12-15,2024-05-29,No,
ONC-0350,Osteoarthritis,Other,2022-09-14,2023-07-25,No,
ONC-0351,Osteoarthritis,Other,2022-10-18,,Yes,
ONC-0351,Migraine,Neurological,2020-05-29,,Yes,
ONC-0351,Gastroesophageal Reflux Disease,Gastrointestinal,2022-12-29,,Yes,
ONC-0352,Chronic Kidney Disease,Renal,2021-07-13,2023-01-29,No,
ONC-0352,Gastroesophageal Reflux Disease,Gastrointestinal,2022-10-20,,Yes,
ONC-0353,Type 2 Diabetes,Endocrine/Metabolic,2022-03-29,,Yes,
ONC-0354,Osteoarthritis,Other,2024-12-08,,Yes,
ONC-0355,Gastroesophageal Reflux Disease,Gastrointestinal,2023-05-24,2026-05-16,No,
ONC-0355,Osteoarthritis,Other,2023-03-23,2025-01-17,No,
ONC-0356,Asthma,Respiratory,2020-04-05,2020-10-29,No,
ONC-0357,Gastroesophageal Reflux Disease,Gastrointestinal,2024-02-16,,Yes,
ONC-0357,Asthma,Respiratory,2023-10-01,,Yes,
ONC-0358,Type 2 Diabetes,Endocrine/Metabolic,2020-11-14,,Yes,
ONC-0358,Hypertension,Cardiovascular,2022-07-16,,Yes,
ONC-0358,Asthma,Respiratory,2022-10-11,,Yes,
ONC-0359,Hyperlipidemia,Endocrine/Metabolic,2022-06-25,,Yes,
ONC-0360,Chronic Kidney Disease,Renal,2021-12-08,,Yes,
ONC-0360,Migraine,Neurological,2023-09-06,,Yes,
ONC-0361,Gastroesophageal Reflux Disease,Gastrointestinal,2020-10-05,,Yes,
ONC-0361,Migraine,Neurological,2020-10-09,,Yes,
ONC-0361,Hyperlipidemia,Endocrine/Metabolic,2024-10-30,,Yes,
ONC-0362,Chronic Kidney Disease,Renal,2022-07-21,,Yes,
ONC-0362,Hypertension,Cardiovascular,2025-03-10,,Yes,
ONC-0363,Osteoarthritis,Other,2021-10-07,,Yes,
ONC-0363,Migraine,Neurological,2021-05-05,,Yes,
ONC-0363,Asthma,Respiratory,2022-09-26,2023-07-14,No,
ONC-0364,Asthma,Respiratory,2022-05-22,2025-01-21,No,
ONC-0364,Type 2 Diabetes,Endocrine/Metabolic,2024-12-15,,Yes,
ONC-0364,Osteoarthritis,Other,2022-09-10,2026-04-10,No,
ONC-0365,Asthma,Respiratory,2019-10-02,,Yes,
ONC-0365,Chronic Kidney Disease,Renal,2022-11-10,,Yes,
ONC-0366,Gastroesophageal Reflux Disease,Gastrointestinal,2022-09-18,2023-06-23,No,
ONC-0366,Migraine,Neurological,2021-11-27,,Yes,
ONC-0366,Asthma,Respiratory,2022-08-01,,Yes,
ONC-0367,Osteoarthritis,Other,2021-05-30,,Yes,
ONC-0367,Migraine,Neurological,2020-01-24,,Yes,
ONC-0368,Osteoarthritis,Other,2024-04-16,,Yes,
ONC-0369,Osteoarthritis,Other,2022-11-10,,Yes,
ONC-0370,Gastroesophageal Reflux Disease,Gastrointestinal,2020-11-12,,Yes,
ONC-0370,Osteoarthritis,Other,2023-02-04,,Yes,
ONC-0370,Chronic Kidney Disease,Renal,2019-09-03,2021-06-25,No,
ONC-0371,Asthma,Respiratory,2022-01-12,,Yes,
ONC-0371,Osteoarthritis,Other,2024-02-08,,Yes,
ONC-0372,Hypertension,Cardiovascular,2023-10-26,,Yes,
ONC-0372,Type 2 Diabetes,Endocrine/Metabolic,2021-07-30,,Yes,
ONC-0372,Osteoarthritis,Other,2020-07-08,2022-10-25,No,
ONC-0373,Hyperlipidemia,Endocrine/Metabolic,2024-01-24,,Yes,
ONC-0374,Type 2 Diabetes,Endocrine/Metabolic,2024-10-02,,Yes,
ONC-0374,Hypertension,Cardiovascular,2023-12-24,,Yes,
ONC-0374,Gastroesophageal Reflux Disease,Gastrointestinal,2020-09-10,,Yes,
ONC-0375,Asthma,Respiratory,2019-11-25,,Yes,
ONC-0375,Type 2 Diabetes,Endocrine/Metabolic,2019-09-03,,Yes,
ONC-0375,Osteoarthritis,Other,2020-07-21,,Yes,
ONC-0376,Osteoarthritis,Other,2023-03-03,,Yes,
ONC-0376,Hyperlipidemia,Endocrine/Metabolic,2021-01-02,,Yes,
ONC-0377,Gastroesophageal Reflux Disease,Gastrointestinal,2024-02-27,,Yes,
ONC-0377,Hypertension,Cardiovascular,2021-11-03,,Yes,
ONC-0377,Asthma,Respiratory,2023-07-30,,Yes,
ONC-0378,Migraine,Neurological,2024-06-14,,Yes,
ONC-0379,Osteoarthritis,Other,2024-11-24,,Yes,
ONC-0379,Chronic Kidney Disease,Renal,2022-09-23,2024-06-18,No,
ONC-0380,Chronic Kidney Disease,Renal,2019-09-26,,Yes,
ONC-0381,Migraine,Neurological,2020-04-02,,Yes,
ONC-0382,Migraine,Neurological,2024-06-24,2025-05-15,No,
ONC-0382,Gastroesophageal Reflux Disease,Gastrointestinal,2022-07-13,2026-03-12,No,
ONC-0382,Type 2 Diabetes,Endocrine/Metabolic,2022-10-23,,Yes,
ONC-0383,Osteoarthritis,Other,2024-10-27,,Yes,
ONC-0384,Gastroesophageal Reflux Disease,Gastrointestinal,2021-09-29,,Yes,
ONC-0384,Hypertension,Cardiovascular,2024-03-28,,Yes,
ONC-0384,Asthma,Respiratory,2020-04-13,,Yes,
ONC-0385,Type 2 Diabetes,Endocrine/Metabolic,2024-02-21,,Yes,
ONC-0385,Migraine,Neurological,2023-04-24,,Yes,
ONC-0385,Osteoarthritis,Other,2019-12-22,,Yes,
ONC-0386,Hypertension,Cardiovascular,2020-07-21,2023-02-24,No,
ONC-0387,Migraine,Neurological,2021-12-06,2025-07-18,No,
ONC-0388,Migraine,Neurological,2023-02-21,,Yes,
ONC-0388,Hyperlipidemia,Endocrine/Metabolic,2024-06-07,,Yes,
ONC-0389,Gastroesophageal Reflux Disease,Gastrointestinal,2019-09-30,,Yes,
ONC-0389,Hyperlipidemia,Endocrine/Metabolic,2023-04-17,2025-12-31,No,
ONC-0389,Asthma,Respiratory,2024-05-28,,Yes,
ONC-0390,Gastroesophageal Reflux Disease,Gastrointestinal,2020-08-01,2023-02-24,No,
ONC-0391,Asthma,Respiratory,2019-08-07,,Yes,
ONC-0391,Type 2 Diabetes,Endocrine/Metabolic,2023-03-25,,Yes,
ONC-0391,Gastroesophageal Reflux Disease,Gastrointestinal,2022-08-11,,Yes,
ONC-0392,Osteoarthritis,Other,2024-01-01,2024-10-26,No,
ONC-0392,Chronic Kidney Disease,Renal,2023-08-30,,Yes,
ONC-0392,Type 2 Diabetes,Endocrine/Metabolic,2024-06-21,2026-01-21,No,
ONC-0393,Type 2 Diabetes,Endocrine/Metabolic,2023-12-06,,Yes,
ONC-0393,Hypertension,Cardiovascular,2019-06-05,,Yes,
ONC-0393,Hyperlipidemia,Endocrine/Metabolic,2021-02-28,,Yes,
ONC-0394,Hypertension,Cardiovascular,2021-05-21,2025-05-31,No,
ONC-0394,Chronic Kidney Disease,Renal,2021-05-19,,Yes,
ONC-0395,Chronic Kidney Disease,Renal,2019-06-13,,Yes,
ONC-0395,Hypertension,Cardiovascular,2022-12-21,,Yes,
ONC-0396,Type 2 Diabetes,Endocrine/Metabolic,2020-09-09,2024-04-29,No,
ONC-0396,Asthma,Respiratory,2022-12-07,,Yes,
ONC-0397,Asthma,Respiratory,2020-05-04,2024-03-07,No,
ONC-0397,Hyperlipidemia,Endocrine/Metabolic,2022-12-22,,Yes,
ONC-0397,Hypertension,Cardiovascular,2022-04-06,2025-07-15,No,
ONC-0398,Chronic Kidney Disease,Renal,2024-06-25,,Yes,
ONC-0399,Osteoarthritis,Other,2022-03-27,,Yes,
ONC-0399,Asthma,Respiratory,2021-03-02,,Yes,
ONC-0399,Gastroesophageal Reflux Disease,Gastrointestinal,2020-09-20,,Yes,
ONC-0400,Chronic Kidney Disease,Renal,2019-12-07,,Yes,
ONC-0400,Hypertension,Cardiovascular,2024-12-07,2026-04-07,No,
ONC-0400,Type 2 Diabetes,Endocrine/Metabolic,2021-08-19,2025-04-22,No,
ONC-0401,Chronic Kidney Disease,Renal,2020-05-06,,Yes,
ONC-0401,Type 2 Diabetes,Endocrine/Metabolic,2023-07-25,,Yes,
ONC-0401,Gastroesophageal Reflux Disease,Gastrointestinal,2022-07-29,,Yes,
ONC-0402,Type 2 Diabetes,Endocrine/Metabolic,2019-04-13,2022-02-27,No,
ONC-0402,Hyperlipidemia,Endocrine/Metabolic,2022-06-05,,Yes,
ONC-0402,Asthma,Respiratory,2024-06-22,,Yes,
ONC-0403,Chronic Kidney Disease,Renal,2022-04-27,,Yes,
ONC-0403,Migraine,Neurological,2021-12-03,,Yes,
ONC-0403,Hyperlipidemia,Endocrine/Metabolic,2022-12-23,,Yes,
ONC-0404,Hyperlipidemia,Endocrine/Metabolic,2020-10-05,,Yes,
ONC-0404,Asthma,Respiratory,2021-07-10,,Yes,
ONC-0405,Asthma,Respiratory,2021-01-25,,Yes,
ONC-0405,Hypertension,Cardiovascular,2019-08-07,2023-02-21,No,
ONC-0406,Gastroesophageal Reflux Disease,Gastrointestinal,2024-04-19,2024-11-11,No,
ONC-0406,Type 2 Diabetes,Endocrine/Metabolic,2020-08-26,,Yes,
ONC-0406,Hypertension,Cardiovascular,2023-07-17,,Yes,
ONC-0407,Hyperlipidemia,Endocrine/Metabolic,2023-02-25,,Yes,
ONC-0407,Migraine,Neurological,2022-10-06,,Yes,
ONC-0407,Gastroesophageal Reflux Disease,Gastrointestinal,2019-11-23,,Yes,
ONC-0408,Hyperlipidemia,Endocrine/Metabolic,2021-05-27,,Yes,
ONC-0409,Osteoarthritis,Other,2023-09-11,,Yes,
ONC-0409,Hypertension,Cardiovascular,2020-03-24,,Yes,
ONC-0410,Migraine,Neurological,2021-01-24,,Yes,
ONC-0411,Asthma,Respiratory,2019-11-18,,Yes,
ONC-0412,Migraine,Neurological,2020-07-08,,Yes,
ONC-0412,Hypertension,Cardiovascular,2024-01-10,,Yes,
ONC-0413,Osteoarthritis,Other,2022-12-07,,Yes,
ONC-0413,Gastroesophageal Reflux Disease,Gastrointestinal,2023-07-18,,Yes,
ONC-0413,Asthma,Respiratory,2020-01-15,,Yes,
ONC-0414,Chronic Kidney Disease,Renal,2021-12-04,2023-08-27,No,
ONC-0414,Asthma,Respiratory,2020-07-09,2024-03-10,No,
ONC-0414,Migraine,Neurological,2022-05-30,,Yes,
ONC-0415,Chronic Kidney Disease,Renal,2023-04-05,,Yes,
ONC-0415,Hypertension,Cardiovascular,2024-08-14,,Yes,
ONC-0416,Hyperlipidemia,Endocrine/Metabolic,2021-10-20,,Yes,
ONC-0416,Type 2 Diabetes,Endocrine/Metabolic,2023-03-05,2024-12-27,No,
ONC-0416,Asthma,Respiratory,2025-02-18,,Yes,
ONC-0417,Osteoarthritis,Other,2021-03-24,,Yes,
ONC-0417,Asthma,Respiratory,2024-09-25,,Yes,
ONC-0418,Chronic Kidney Disease,Renal,2021-01-12,,Yes,
ONC-0418,Asthma,Respiratory,2021-08-04,2024-07-31,No,
ONC-0418,Osteoarthritis,Other,2024-09-10,,Yes,
ONC-0419,Hypertension,Cardiovascular,2019-08-13,,Yes,
ONC-0420,Migraine,Neurological,2023-05-26,,Yes,
ONC-0420,Chronic Kidney Disease,Renal,2021-05-12,,Yes,
ONC-0421,Osteoarthritis,Other,2020-02-28,,Yes,
ONC-0422,Hypertension,Cardiovascular,2020-12-18,,Yes,
ONC-0423,Gastroesophageal Reflux Disease,Gastrointestinal,2022-01-26,2023-07-20,No,
ONC-0424,Hypertension,Cardiovascular,2022-04-08,,Yes,
ONC-0424,Gastroesophageal Reflux Disease,Gastrointestinal,2019-11-14,2023-04-21,No,
ONC-0424,Migraine,Neurological,2022-01-09,,Yes,
ONC-0425,Chronic Kidney Disease,Renal,2022-03-14,,Yes,
ONC-0425,Hyperlipidemia,Endocrine/Metabolic,2020-05-23,2024-03-27,No,
ONC-0426,Type 2 Diabetes,Endocrine/Metabolic,2022-04-01,2022-12-04,No,
ONC-0426,Asthma,Respiratory,2019-06-27,,Yes,
ONC-0426,Osteoarthritis,Other,2022-09-29,,Yes,
ONC-0427,Osteoarthritis,Other,2022-07-07,,Yes,
ONC-0428,Chronic Kidney Disease,Renal,2021-05-27,2025-06-07,No,
ONC-0428,Type 2 Diabetes,Endocrine/Metabolic,2023-09-24,,Yes,
ONC-0428,Hyperlipidemia,Endocrine/Metabolic,2022-08-20,,Yes,
ONC-0429,Chronic Kidney Disease,Renal,2021-08-30,2025-08-20,No,
ONC-0429,Migraine,Neurological,2023-11-09,,Yes,
ONC-0429,Gastroesophageal Reflux Disease,Gastrointestinal,2020-03-12,,Yes,
ONC-0430,Chronic Kidney Disease,Renal,2021-11-06,,Yes,
ONC-0430,Type 2 Diabetes,Endocrine/Metabolic,2019-05-20,,Yes,
ONC-0431,Chronic Kidney Disease,Renal,2020-03-29,,Yes,
ONC-0431,Gastroesophageal Reflux Disease,Gastrointestinal,2019-12-06,,Yes,
ONC-0432,Migraine,Neurological,2020-04-16,,Yes,
ONC-0432,Hyperlipidemia,Endocrine/Metabolic,2020-04-02,,Yes,
ONC-0432,Type 2 Diabetes,Endocrine/Metabolic,2024-08-24,2025-12-17,No,
ONC-0433,Asthma,Respiratory,2023-09-19,2025-04-26,No,
ONC-0433,Type 2 Diabetes,Endocrine/Metabolic,2021-09-29,,Yes,
ONC-0434,Chronic Kidney Disease,Renal,2021-12-12,,Yes,
ONC-0434,Migraine,Neurological,2019-10-09,2022-07-23,No,
ONC-0435,Hypertension,Cardiovascular,2022-07-22,,Yes,
ONC-0435,Asthma,Respiratory,2024-03-26,,Yes,
ONC-0435,Type 2 Diabetes,Endocrine/Metabolic,2022-08-24,2024-04-06,No,
ONC-0436,Hypertension,Cardiovascular,2022-04-24,,Yes,
ONC-0436,Type 2 Diabetes,Endocrine/Metabolic,2022-08-08,2026-01-15,No,
ONC-0436,Asthma,Respiratory,2023-01-05,,Yes,
ONC-0437,Type 2 Diabetes,Endocrine/Metabolic,2023-04-19,,Yes,
ONC-0437,Hyperlipidemia,Endocrine/Metabolic,2019-11-15,,Yes,
ONC-0438,Osteoarthritis,Other,2022-03-21,,Yes,
ONC-0439,Chronic Kidney Disease,Renal,2021-06-26,,Yes,
ONC-0439,Type 2 Diabetes,Endocrine/Metabolic,2024-07-19,2025-02-19,No,
ONC-0440,Chronic Kidney Disease,Renal,2023-06-18,2025-12-20,No,
ONC-0440,Hyperlipidemia,Endocrine/Metabolic,2024-12-01,2026-02-16,No,
ONC-0441,Gastroesophageal Reflux Disease,Gastrointestinal,2023-04-11,2025-12-20,No,
ONC-0441,Chronic Kidney Disease,Renal,2022-06-20,,Yes,
ONC-0442,Chronic Kidney Disease,Renal,2020-12-01,,Yes,
ONC-0443,Hypertension,Cardiovascular,2022-07-21,,Yes,
ONC-0443,Type 2 Diabetes,Endocrine/Metabolic,2020-10-02,2021-09-01,No,
ONC-0444,Hypertension,Cardiovascular,2019-11-13,,Yes,
ONC-0445,Hypertension,Cardiovascular,2022-08-10,,Yes,
ONC-0446,Gastroesophageal Reflux Disease,Gastrointestinal,2020-04-13,2021-11-09,No,
ONC-0447,Hyperlipidemia,Endocrine/Metabolic,2024-09-29,,Yes,
ONC-0447,Osteoarthritis,Other,2025-02-15,,Yes,
ONC-0447,Type 2 Diabetes,Endocrine/Metabolic,2024-02-24,,Yes,
ONC-0448,Chronic Kidney Disease,Renal,2022-04-25,,Yes,
ONC-0448,Osteoarthritis,Other,2022-04-15,,Yes,
ONC-0448,Type 2 Diabetes,Endocrine/Metabolic,2022-08-14,2024-07-26,No,
ONC-0449,Hypertension,Cardiovascular,2020-05-09,,Yes,
ONC-0450,Asthma,Respiratory,2020-09-13,2022-09-24,No,
ONC-0450,Gastroesophageal Reflux Disease,Gastrointestinal,2024-05-24,,Yes,
ONC-0450,Chronic Kidney Disease,Renal,2019-09-09,,Yes,
ONC-0451,Migraine,Neurological,2024-02-06,,Yes,
ONC-0451,Hyperlipidemia,Endocrine/Metabolic,2019-08-10,2023-06-24,No,
ONC-0452,Type 2 Diabetes,Endocrine/Metabolic,2020-05-25,2023-07-20,No,
ONC-0452,Hypertension,Cardiovascular,2020-11-17,,Yes,
ONC-0452,Chronic Kidney Disease,Renal,2024-12-07,,Yes,
ONC-0453,Gastroesophageal Reflux Disease,Gastrointestinal,2025-03-27,2026-04-03,No,
ONC-0454,Chronic Kidney Disease,Renal,2020-09-08,,Yes,
ONC-0455,Type 2 Diabetes,Endocrine/Metabolic,2022-05-26,,Yes,
ONC-0456,Hyperlipidemia,Endocrine/Metabolic,2024-09-06,,Yes,
ONC-0456,Osteoarthritis,Other,2024-04-09,,Yes,
ONC-0457,Chronic Kidney Disease,Renal,2025-01-02,2025-12-06,No,
ONC-0458,Osteoarthritis,Other,2021-10-01,,Yes,
ONC-0458,Migraine,Neurological,2025-01-23,,Yes,
ONC-0459,Chronic Kidney Disease,Renal,2020-10-07,2021-11-15,No,
ONC-0459,Asthma,Respiratory,2021-05-19,,Yes,
ONC-0459,Osteoarthritis,Other,2021-12-21,,Yes,
ONC-0460,Chronic Kidney Disease,Renal,2021-09-28,,Yes,
ONC-0460,Asthma,Respiratory,2024-03-26,,Yes,
ONC-0461,Type 2 Diabetes,Endocrine/Metabolic,2021-09-01,2024-11-13,No,
ONC-0461,Migraine,Neurological,2022-08-13,,Yes,
ONC-0461,Gastroesophageal Reflux Disease,Gastrointestinal,2019-11-19,,Yes,
ONC-0462,Hyperlipidemia,Endocrine/Metabolic,2023-01-16,2026-04-29,No,
ONC-0462,Migraine,Neurological,2019-08-29,,Yes,
ONC-0462,Gastroesophageal Reflux Disease,Gastrointestinal,2024-05-12,2025-07-14,No,
ONC-0463,Osteoarthritis,Other,2022-08-26,,Yes,
ONC-0464,Type 2 Diabetes,Endocrine/Metabolic,2023-05-13,2025-12-08,No,
ONC-0464,Asthma,Respiratory,2024-05-29,,Yes,
ONC-0464,Migraine,Neurological,2022-02-07,,Yes,
ONC-0465,Hypertension,Cardiovascular,2024-04-21,,Yes,
ONC-0465,Osteoarthritis,Other,2024-10-26,,Yes,
ONC-0466,Chronic Kidney Disease,Renal,2021-05-28,,Yes,
ONC-0466,Asthma,Respiratory,2019-05-16,,Yes,
ONC-0466,Type 2 Diabetes,Endocrine/Metabolic,2019-09-08,,Yes,
ONC-0467,Chronic Kidney Disease,Renal,2023-08-15,2025-07-26,No,
ONC-0467,Hypertension,Cardiovascular,2024-10-09,,Yes,
ONC-0467,Migraine,Neurological,2023-02-02,2026-01-26,No,
ONC-0468,Migraine,Neurological,2020-01-25,,Yes,
ONC-0468,Type 2 Diabetes,Endocrine/Metabolic,2022-06-23,,Yes,
ONC-0469,Osteoarthritis,Other,2022-05-09,2025-08-08,No,
ONC-0469,Hyperlipidemia,Endocrine/Metabolic,2024-05-15,,Yes,
ONC-0470,Chronic Kidney Disease,Renal,2023-12-09,,Yes,
ONC-0471,Asthma,Respiratory,2021-08-28,,Yes,
ONC-0472,Migraine,Neurological,2022-06-25,,Yes,
ONC-0473,Osteoarthritis,Other,2022-11-03,,Yes,
ONC-0474,Migraine,Neurological,2019-10-23,2021-06-21,No,
ONC-0475,Migraine,Neurological,2024-10-22,2025-12-29,No,
ONC-0476,Hyperlipidemia,Endocrine/Metabolic,2021-08-30,,Yes,
ONC-0476,Hypertension,Cardiovascular,2023-12-12,,Yes,
ONC-0477,Migraine,Neurological,2022-10-18,2025-06-15,No,
ONC-0477,Asthma,Respiratory,2022-07-30,,Yes,
ONC-0477,Chronic Kidney Disease,Renal,2020-03-31,,Yes,
ONC-0478,Hyperlipidemia,Endocrine/Metabolic,2021-11-09,,Yes,
ONC-0479,Osteoarthritis,Other,2020-03-01,,Yes,
ONC-0480,Asthma,Respiratory,2019-07-28,,Yes,
ONC-0480,Gastroesophageal Reflux Disease,Gastrointestinal,2020-11-01,,Yes,
ONC-0481,Type 2 Diabetes,Endocrine/Metabolic,2021-12-17,,Yes,
ONC-0481,Gastroesophageal Reflux Disease,Gastrointestinal,2019-12-23,,Yes,
ONC-0482,Hypertension,Cardiovascular,2022-10-31,,Yes,
ONC-0482,Gastroesophageal Reflux Disease,Gastrointestinal,2021-08-26,,Yes,
ONC-0483,Migraine,Neurological,2021-07-05,,Yes,
ONC-0484,Gastroesophageal Reflux Disease,Gastrointestinal,2023-02-13,2026-01-08,No,
ONC-0485,Hyperlipidemia,Endocrine/Metabolic,2021-04-15,,Yes,
ONC-0485,Migraine,Neurological,2024-05-08,,Yes,
ONC-0486,Chronic Kidney Disease,Renal,2021-07-08,,Yes,
ONC-0487,Gastroesophageal Reflux Disease,Gastrointestinal,2024-05-18,,Yes,
ONC-0488,Chronic Kidney Disease,Renal,2023-06-15,,Yes,
ONC-0488,Type 2 Diabetes,Endocrine/Metabolic,2023-10-14,,Yes,
ONC-0489,Hypertension,Cardiovascular,2021-07-15,,Yes,
ONC-0489,Type 2 Diabetes,Endocrine/Metabolic,2023-04-26,,Yes,
ONC-0489,Chronic Kidney Disease,Renal,2023-08-08,,Yes,
ONC-0490,Gastroesophageal Reflux Disease,Gastrointestinal,2024-10-09,2026-02-01,No,
ONC-0490,Type 2 Diabetes,Endocrine/Metabolic,2020-07-13,,Yes,
ONC-0491,Gastroesophageal Reflux Disease,Gastrointestinal,2023-06-12,,Yes,
ONC-0492,Osteoarthritis,Other,2021-04-30,2024-03-23,No,
ONC-0492,Migraine,Neurological,2023-06-06,,Yes,
ONC-0492,Type 2 Diabetes,Endocrine/Metabolic,2019-09-13,,Yes,
ONC-0493,Hyperlipidemia,Endocrine/Metabolic,2019-09-04,2021-01-17,No,
ONC-0493,Migraine,Neurological,2024-03-04,,Yes,
ONC-0494,Type 2 Diabetes,Endocrine/Metabolic,2020-04-02,2022-06-11,No,
ONC-0494,Migraine,Neurological,2025-01-06,,Yes,
ONC-0494,Gastroesophageal Reflux Disease,Gastrointestinal,2022-10-31,,Yes,
ONC-0495,Chronic Kidney Disease,Renal,2020-01-30,2020-11-01,No,
ONC-0495,Type 2 Diabetes,Endocrine/Metabolic,2020-11-02,,Yes,
ONC-0495,Migraine,Neurological,2024-11-03,2026-02-28,No,
ONC-0496,Hyperlipidemia,Endocrine/Metabolic,2021-05-08,,Yes,
ONC-0497,Migraine,Neurological,2020-04-14,2023-10-27,No,
ONC-0497,Hypertension,Cardiovascular,2022-11-11,2024-10-08,No,
ONC-0498,Asthma,Respiratory,2024-07-29,,Yes,
ONC-0499,Osteoarthritis,Other,2020-08-25,,Yes,
ONC-0499,Hypertension,Cardiovascular,2021-05-29,,Yes,
ONC-0500,Chronic Kidney Disease,Renal,2023-05-14,2025-10-17,No,
